部品№,品名,規格,棚番
122474,ＡＣサーボモータ（Ａ４）　　　　　　　,MSMD5AZP1T,1F-A-01
122475,ＡＣサーボモータ（Ａ４）　　　　　　　,MSMD5AZP1S,1F-A-01
122651,ＡＣサーボモータ　　　　　　　　　　　,MSMD012S1S,1F-A-01
122656,ＡＣサーボモータ　　　　　　　　　　　,MSMD012S1T,1F-A-01
122952,ＡＣサーボモータ　　　　　　　　　　　,MSMD5AZS1S,1F-A-01
123066,ＡＣサーボモータ　　　　　　　　　　　,MSMD5AZS1T,1F-A-01
123478,ＡＣサーボモータ　　　　　　　　　　　,MSMD012S1A,1F-A-01
122398,ＡＣサーボモータ（ミナスＡ）　　　　　,MSMA022A1F,1F-A-02
122460,ＡＣサーボモータ（Ａ４）　　　　　　　,MSMD022P1S,1F-A-02
122476,ＡＣサーボモータ（Ａ４）　　　　　　　,MSMD022P1T,1F-A-02
123067,ＡＣサーボモータ　　　　　　　　　　　,MSMD022S1S,1F-A-02
123479,ＡＣサーボモータ　　　　　　　　　　　,MSMD022S5A,1F-A-02
122461,ＡＣサーボモータ（Ａ４）　　　　　　　,MSMD042P1T,1F-A-03
122648,ＡＣサーボモータ　　　　　　　　　　　,MSMD042S1S,1F-A-03
123068,ＡＣサーボモータ　　　　　　　　　　　,MSMD042S1T,1F-A-03
123480,ＡＣサーボモータ　　　　　　　　　　　,MSMD042S5B,1F-A-03
122462,ＡＣサーボモータ（Ａ４）　　　　　　　,MSMD082P1S,1F-A-04
122647,ＡＣサーボモータ　　　　　　　　　　　,MSMD082S1T,1F-A-04
122649,ＡＣサーボモータ　　　　　　　　　　　,MSMD082S1S,1F-A-04
123481,ＡＣサーボモータ　　　　　　　　　　　,MSMD082S5B,1F-A-04
123482,ＡＣサーボモータ　　　　　　　　　　　,MSMD082S7A,1F-A-04
122463,ＡＣサーボモータ（Ａ４）　　　　　　　,MSMD082P1T,1F-A-05
22826,ハーモニックドライブ（ユニット，φ８）,CSF-14-100-2UH-SP(8MMｱﾅ),1F-B-01
42046,エンコーダ変換基板　　　　　　　　　　,ECB2,1F-B-01
42047,エンコーダ変換基板　　　　　　　　　　,ECB3,1F-B-01
152454,スイッチング電源　　　　　　　　　　　,PLA30F-24,1F-B-01
283607,上下軸変換エンコーダハーネス　　　　　,205053-103-0,1F-B-02
283609,ドライバー側エンコーダハーネス　　　　,205056-001-0,1F-B-02
284671,フィルターハーネス（７５０Ｗ以下）　　,202597-021-0,1F-B-02
284675,エンコーダ変換ハーネス　　　　　　　　,205057-002-0,1F-B-02
284676,スイッチング電源ハーネス　　　　　　　,205057-003-0,1F-B-02
284677,スイッチング２４Ｖハーネス　　　　　　,205057-004-0,1F-B-02
284678,基板電源ハーネス　　　　　　　　　　　,205057-005-0,1F-B-02
284679,基板電源ハーネス　　　　　　　　　　　,205057-006-0,1F-B-03
284680,基板電源ハーネス　　　　　　　　　　　,205057-007-0,1F-B-03
284681,基板電源ハーネス（Ｖ・Ｐ・Ｒ軸用）　　,205057-008-0,1F-B-03
284690,スイッチング電源ハーネス　　　　　　　,205057-011-0,1F-B-03
284691,スイッチング２４Ｖハーネス　　　　　　,205057-012-0,1F-B-03
284881,トラバーススイッチング電源ハーネス　　,205057-031-0,1F-B-03
284882,トラバーススイッチング電源ハーネス　　,205057-032-0,1F-B-03
122116,３軸デジタルサーボドライバー　　　　　,MSU3-070104,1F-B-04
122117,３軸デジタルサーボドライバー　　　　　,MSU3-070207,1F-B-04
122118,２軸デジタルサーボドライバー　　　　　,MSU2-0104,1F-B-04
122119,２軸デジタルサーボドライバー　　　　　,MSU2-0204,1F-B-04
122120,２軸デジタルサーボドライバー　　　　　,MSU2-0704,1F-B-05
123370,ベースユニット　　　　　　　　　　　　,MSUB-BLP,1F-B-05
100427,単線（青）　　　　　　　　　　　　　　,KIV 0.75SQ,1F-B-06
123390,サーボアンプ　　　　　　　　　　　　　,MR-J4-200A,1F-C-01
123391,サーボアンプ　　　　　　　　　　　　　,MR-J4-350A,1F-C-01
196747,デジタルサーボドライバー　　　　　　　,TA8423N7401E902,1F-C-01
182765,デジタルサーボドライバー　　　　　　　,SDC010LFC,1F-C-02
182766,デジタルサーボドライバー　　　　　　　,SDC020LFC,1F-C-02
182767,デジタルサーボドライバー　　　　　　　,SDC040LFC,1F-C-02
182768,デジタルサーボドライバー　　　　　　　,SDC075LFC,1F-C-02
183187,デジタルサーボドライバー（インクリ）　,SDC010LFE,1F-C-03
183188,デジタルサーボドライバー（インクリ）　,SDC020LFE,1F-C-03
183189,デジタルサーボドライバー（インクリ）　,SDC040LFE,1F-C-03
183190,デジタルサーボドライバー（インクリ）　,SDC075LFE,1F-C-03
183193,デジタルサーボドライバー（アブソ）　　,SDC010LFE(AB),1F-C-04
183195,デジタルサーボドライバー（アブソ）　　,SDC040LFE(AB),1F-C-04
183196,デジタルサーボドライバー（アブソ）　　,SDC075LFE(AB),1F-C-04
182769,デジタルサーボドライバー　　　　　　　,SDCC150LFC,1F-C-05
183191,デジタルサーボドライバー（インクリ）　,SDCC150LFE,1F-C-05
183198,デジタルサーボドライバー（アブソ）　　,SDCC200LFE(AB),1F-C-05
183723,デジタルサーボドライバー　　　　　　　,SDCC200A4A,1F-C-05
210112,ケーブル（灰）　　　　　　　　　　　　,VCTF 10C*0.75SQ,1F-C-06
210892,ケーブル（灰）　　　　　　　　　　　　,VCTF 6C*0.5SQ,1F-C-06
123117,コントロール基板　　　　　　　　　　　,MSUACS-5,1F-D-01
123119,コントロール基板　　　　　　　　　　　,MSUACM5-5,1F-D-01
123140,マザー基板　　　　　　　　　　　　　　,MSUAM,1F-D-01
123141,マザー基板　　　　　　　　　　　　　　,MSUAMM5,1F-D-01
123144,マザー基板　　　　　　　　　　　　　　,MSUAMNC,1F-D-01
123110,電源基板　　　　　　　　　　　　　　　,MSUAPS,1F-D-02
123111,ドライブ基板　　　　　　　　　　　　　,MSUAD010,1F-D-02
123112,ドライブ基板　　　　　　　　　　　　　,MSUAD020,1F-D-02
123113,ドライブ基板　　　　　　　　　　　　　,MSUAD040,1F-D-02
123114,ドライブ基板　　　　　　　　　　　　　,MSUAD075,1F-D-02
123115,ドライブ基板　　　　　　　　　　　　　,MSUAD150,1F-D-02
123193,デジタルサーボドライバースロット　　　,MSUBDL150A,1F-D-02
123101,デジタルサーボドライバースロット　　　,MSUBD010A,1F-D-03
123102,デジタルサーボドライバースロット　　　,MSUBD020A,1F-D-03
123103,デジタルサーボドライバースロット　　　,MSUBD040A,1F-D-03
123104,デジタルサーボドライバースロット　　　,MSUBD075A,1F-D-03
123868,制御電源スロット　　　　　　　　　　　,MSUDCSM,1F-D-03
123872,デジタルサーボドライバースロット　　　,MSUDD040B,1F-D-03
123098,バックプレーン基板　　　　　　　　　　,MSUBB,1F-D-04
123495,デジタルサーボドライバースロット　　　,MSUCD010A,1F-D-04
123496,デジタルサーボドライバースロット　　　,MSUCD020A,1F-D-04
123497,デジタルサーボドライバースロット　　　,MSUCD040A,1F-D-04
123498,デジタルサーボドライバースロット　　　,MSUCD075A,1F-D-04
123499,デジタルサーボドライバースロット　　　,MSUCDL150A,1F-D-04
123191,動力電源基板　　　　　　　　　　　　　,MSUBPL,1F-D-05
123217,バックプレーン基板　　　　　　　　　　,MSUBBL,1F-D-05
123476,制御電源スロット　　　　　　　　　　　,MSUCCS,1F-D-05
123870,デジタルサーボドライバースロット　　　,MSUDD010B,1F-D-05
151085,ペンダントユニット（４ｍ，銘板無し）　,P460-4,1F-E-01
151148,ペンダントユニット（４ｍ，銘板無し）　,P470-4,1F-E-01
152678,ペンダントユニット（４．５ｍ銘板無し）,P520B-4.5 W/O PANEL LABEL,1F-E-01
151254,ペンダントユニット（４ｍ，銘板無し）　,P470A-4,1F-E-02
151325,ペンダントユニット（４ｍ，銘板無し）　,P480-4,1F-E-02
151326,ペンダントユニット（４．５ｍ銘板無し）,P380-4.5,1F-E-02
152281,ペンダントユニット（４．５ｍ．銘板無）,P510-4.5,1F-E-02
152300,ペンダントユニット（銘板無）　　　　　,P400NEW(400M･411･420･430),1F-E-03
152414,ペンダントユニット（４．５ｍ銘板無し）,P520-4.5,1F-E-03
152549,ペンダントユニット（６２０Ａ）アフター,P620A-4.5 AFTER,1F-E-03
152471,メイン基板（６２０）アフター　　　　　,PR-000720 AFTER,1F-E-04
182574,メイン基板　　　　　　　　　　　　　　,S460M,1F-E-04
182988,メイン基板　　　　　　　　　　　　　　,S470M,1F-E-04
183670,メイン基板　　　　　　　　　　　　　　,S480M,1F-E-04
180841,インバーターユニット　　　　　　　　　,SPC-401(SPC-401C+SPC-1HD),1F-E-05
72027,ペンダントケーブル（４ｍ）　　　　　　,H460-4 (STEC-460),1F-F-01
72471,ペンダントケーブル（４ｍ）　　　　　　,H480-4 (STEC-480),1F-F-01
72754,ペンダントケーブル（４．５ｍ）ＶｅｒＢ,H510-4.5B(STEC-510.520),1F-F-01
72772,ペンダントケーブル（４．５ｍ）ＶｅｒＥ,H380-4.5E(STEC-380)VER.E,1F-F-01
72813,ペンダントケーブル（４．５ｍ）ＶｅｒＡ,H360-4.5A(STEC-360)VER.A,1F-F-01
282231,ペンダントケーブル（６１０用）４．５ｍ,201609-001-4,1F-F-01
151123,インターロック基板　　　　　　　　　　,PI360,1F-F-02
152768,インターロック基板　　　　　　　　　　,PI450/PI470,1F-F-02
80043,インターロック中継基板　　　　　　　　,IL401,1F-F-03
152769,インターロック基板　　　　　　　　　　,PI480D,1F-F-03
152770,インターロック基板（リレー付き）　　　,PI480D(WITH RELAY),1F-F-03
140063,走行体光中継基板　　　　　　　　　　　,OTB401,1F-F-04
140123,走行体中継基板　　　　　　　　　　　　,OTB470,1F-F-04
140180,走行体中継基板　　　　　　　　　　　　,OTB480A,1F-F-04
140062,増設Ｉ／Ｏ基板　　　　　　　　　　　　,OPM401,1F-F-05
184004,モーション基板　　　　　　　　　　　　,SDC480-MC,1F-F-05
300330,ＣＦ基板（ＳＴＥＣ－４７０）　　　　　,470CF,1F-F-05
350075,Ｉ／Ｏインターフェイス基板　　　　　　,SIOF88 9732-PR10A,1F-F-05
130467,ロックタイト（青）　　　　　　　　　　,243 (50ML),1F-FRIDGE
370204,ロックタイト（白）　　　　　　　　　　,572 (50ML),1F-FRIDGE
370205,ロックタイト（赤）　　　　　　　　　　,277 (50ML),1F-FRIDGE
371719,ロックタイト（緑）　　　　　　　　　　,603 (50ML),1F-FRIDGE
181981,パラレルジョイント　　　　　　　　　　,S24P,1F-G-01
181989,パラレルジョイント　　　　　　　　　　,S40P,1F-G-01
101008,サイルベア（長尺）　　　　　　　　　　,KSH24L-42-420,1F-G-02
101034,サイルベア（長尺）　　　　　　　　　　,KSH24L-63-420,1F-G-03
101035,サイルベア（長尺）　　　　　　　　　　,KSH24WL-42-420,1F-G-04
101036,サイルベア（長尺）　　　　　　　　　　,KSH24WL-63-420,1F-G-05
21044,パッキンセット（φ２５）　　　　　　　,S-25-2,1F-H-01
21045,パッキンセット（φ３２）　　　　　　　,S-32-1,1F-H-01
21046,パッキンセット（φ４０）　　　　　　　,S-40-1,1F-H-01
21047,パッキンセット（φ５０）　　　　　　　,S-50-1,1F-H-01
21071,パッキンセット（φ２５）　　　　　　　,S-25-1,1F-H-01
23464,パッキンセット　　　　　　　　　　　　,CG1N80-PS,1F-H-01
150361,パッキン　　　　　　　　　　　　　　　,PDU-20Z,1F-H-01
151064,パッキン　　　　　　　　　　　　　　　,PPD-50,1F-H-01
152284,パッキン　　　　　　　　　　　　　　　,PDU-25Z,1F-H-01
152285,パッキン　　　　　　　　　　　　　　　,PSD-0075A02N713,1F-H-01
152741,パッキン　　　　　　　　　　　　　　　,PPD-75,1F-H-01
181167,パッキンセット（φ５０）　　　　　　　,S-50-2,1F-H-01
181168,パッキンセット（φ６３）　　　　　　　,S-63-2,1F-H-01
183374,パッキンセット　　　　　　　　　　　　,SCM-80BK,1F-H-01
200229,Ｓ上下減速機ＡＳＳＹ（７００Ｉ～ＩＶ）,UA-09X-07-02-02,1F-H-02
200230,上下減速機ＡＳＳＹ（７００Ｉ～ＩＶ）　,UA-09X-06-01-02,1F-H-02
261681,姿勢ユニット（７００Ｖ用）　　　　　　,07ZV-SISEI-ASSY-11,1F-H-02
261712,姿勢ユニット（６００Ⅵ用）　　　　　　,06ZVI-SISEI-ASSY-5,1F-H-02
271767,姿勢ユニット（１１００Ｖ用）　　　　　,11ZV-SISEI-ASSY-13,1F-H-02
298302,姿勢部２軸ＮＣユニット（５５Ｎｍ）Ｖ用,303895-100-4,1F-H-02
383823,姿勢・旋回ＮＣユニット１９Ｎｍ（Ⅵ）　,305081-100-4,1F-H-02
130998,減速機　　　　　　　　　　　　　　　　,NEVSC-9B-100-M5-W,1F-H-03
183692,減速機　　　　　　　　　　　　　　　　,STSF-5C-750-P1,1F-H-03
183697,減速機　　　　　　　　　　　　　　　　,VRKF-S9E-1500-P1,1F-H-03
210526,エイブル減速機　　　　　　　　　　　　,VRKF-5C-400,1F-H-03
210528,減速機　　　　　　　　　　　　　　　　,VRKF-5E-2000,1F-H-03
210574,減速機　　　　　　　　　　　　　　　　,VRSF-S9B-100,1F-H-03
210693,減速機　　　　　　　　　　　　　　　　,VRKF-15C-400-M5,1F-H-03
210770,減速機　　　　　　　　　　　　　　　　,VRSF-S9C-200-M5,1F-H-03
210771,減速機　　　　　　　　　　　　　　　　,VRSF-15C-400-M5,1F-H-03
211069,減速機　　　　　　　　　　　　　　　　,VRXF-5C-K-400-TYPE1,1F-H-03
122478,ＡＣサーボモータ　　　　　　　　　　　,MSMA152P1H,1F-H-04
122479,ＡＣサーボモータ　　　　　　　　　　　,MDMA152P1G,1F-H-04
122480,ＡＣサーボモータ　　　　　　　　　　　,MDMA152P1H,1F-H-04
200119,上下駆動部ＡＳＳＹ１１・１５Ｉ～ＩＩＩ,UA-13X-06-01-00,1F-H-04
121907,ＡＣサーボモータ（ミナスＡ）　　　　　,MSMA202A1H,1F-H-05
122399,ＡＣサーボモータ（ミナスＡ）　　　　　,MDMA082A1D 750W ﾌﾞﾚｰｷﾂｷ,1F-H-05
122504,ＡＣサーボモータ　　　　　　　　　　　,MSMA202P1H,1F-H-05
122650,ＡＣサーボモータ　　　　　　　　　　　,MSMA202S1H,1F-H-05
123488,ＡＣサーボモータ　　　　　　　　　　　,MSME152SCH,1F-H-05
23344,ＣＣ－ＢＯＸ（間欠・可変速）　　　　　,CC-4BIII,1F-I-01
150504,インターロックハーネス　　　　　　　　,PC2P-00  2Pﾒﾀﾙｺﾝｾﾝﾄﾂｷ,1F-I-01
150505,電源ハーネス　　　　　　　　　　　　　,PC4P-01  4Pﾒﾀﾙｺﾝｾﾝﾄﾂｷ,1F-I-01
196886,コンベア電源線４Ｐ（外部電源側）Ａ　　,TA109-602-4(ｱﾌﾀｰ),1F-I-01
23277,真空発生ユニット（Ｎ．Ｃ）　　　　　　,CVX-1668-SC3,1F-I-02
23278,真空発生ユニット（Ｎ．Ｏ）　　　　　　,CVX-1669-SC3,1F-I-02
210804,真空発生ユニット　　　　　　　　　　　,V51-100-8283,1F-I-02
210894,Ｓバム真空発生ユニット　　　　　　　　,VC50608-080,1F-I-02
210906,Ｓバム真空発生ユニット　　　　　　　　,VC50647-080,1F-I-02
211014,真空発生ユニット（タコバム）　　　　　,V51-100-1283-C,1F-I-02
250073,真空発生ユニット　　　　　　　　　　　,ZM101M-A5G-E15-X247,1F-I-02
1965,減圧弁　　　　　　　　　　　　　　　　,AW30-03BDG-R,1F-I-03
80160,精密レギュレータ　　　　　　　　　　　,IR3020-04BG-R,1F-I-03
211376,精密レギュレータ　　　　　　　　　　　,VEX1533-06-BG-X408,1F-I-03
220173,フィルター／レギュレータ（ＳＰ取出機）,W3000-10-X1-B3,1F-I-03
221132,フィルタレギュレータ　　　　　　　　　,W3000-10W-FZX1-B3W,1F-I-03
283673,姿勢部ハーネス　　　　　　　　　　　　,202021-019-2,1F-I-03
283683,姿勢部ハーネス　　　　　　　　　　　　,202091-009-2,1F-I-03
285741,姿勢部ハーネス　　　　　　　　　　　　,205061-031-3,1F-I-03
122465,５軸デジタルサーボドライバー　　　　　,MSUA-05CA,1F-I-04
122466,３軸デジタルサーボドライバー　　　　　,MSUA-03SA,1F-I-04
122467,５軸デジタルサーボドライバー　　　　　,MSUA-05SA,1F-I-04
122498,５軸デジタルサーボドライバー　　　　　,MSUA-05LLB,1F-I-04
122484,５軸デジタルサーボドライバー　　　　　,MSUA-05MA,1F-I-05
122485,３軸デジタルサーボドライバー　　　　　,MSUA-03LLA,1F-I-05
122486,５軸デジタルサーボドライバー　　　　　,MSUA-05LLA,1F-I-05
122487,５軸デジタルサーボドライバー　　　　　,MSUA-05SB,1F-I-05
121137,ＡＣサーボドライバー　　　　　　　　　,MDD203A2W  2000W,1F-I-06
122492,２軸デジタルサーボドライバー　　　　　,MSUA-12MA,1F-I-06
122493,２軸デジタルサーボドライバー　　　　　,MSUA-12LA,1F-I-06
196742,ＡＣサーボモータ　　　　　　　　　　　,TS4609N3380E200,1F-I-06
181188,メイン基板　　　　　　　　　　　　　　,SF1M 37429-PR02 (STEC-F1),1F-J-01
185821,シーケンス＆ＩＯ基板ユニット　　　　　,STEC-K4-(SEQ+IO),1F-J-01
185822,インターフェース基板　　　　　　　　　,STEC-CS2 CEIO-F,1F-J-01
240091,ペンダントケーブル（Ｋ２用）フィルタ付,YD-01(1.5M)K2 (W/FILTER),1F-J-01
240302,中継基板　　　　　　　　　　　　　　　,YR-R04 (STEC-K2)VER 3.0,1F-J-01
331121,ペンダントケーブル（１．５Ｍ）　　　　,"HS1-1.5  (STEC-S1,STD)",1F-J-01
331160,インターロック基板ユニット　　　　　　,"70193E-301-0(STEC-S1,STD)",1F-J-01
40576,スイッチングパワーサプライ　　　　　　,ESK50I-1212,1F-J-02
120532,本体中継基板　　　　　　　　　　　　　,MOT401,1F-J-02
151327,スイッチング電源（２４Ｖ）　　　　　　,PBA100F-24-N,1F-J-02
152402,スイッチング電源　　　　　　　　　　　,PLA150F-24,1F-J-02
183132,サーボ基板　　　　　　　　　　　　　　,SVC401B,1F-J-02
184044,ＩＯ基板（カン）　　　　　　　　　　　,STEC-370 IO ASSY,1F-J-02
270186,シリアル通信中継基板　　　　　　　　　,DXC-15 11800-PR04,1F-J-02
331191,ペンダントユニット（銘板無）　　　　　,"PS1-1.5B  (STEC-S1,STD)",1F-J-02
140145,走行体中継基板　　　　　　　　　　　　,OTB480,1F-J-03
152345,電源基板　　　　　　　　　　　　　　　,POWER A (V-08) NA1,1F-J-03
182641,Ｉ／Ｏ基板　　　　　　　　　　　　　　,S1IO PR-000120C,1F-J-03
182778,ドライブ基板　　　　　　　　　　　　　,SCA1D     (STEC-CA1),1F-J-03
240098,中継基板　　　　　　　　　　　　　　　,YR-R04 (STEC-K2)VER 2.0,1F-J-03
282134,ペンダントケーブル（４．５ｍ）　　　　,201859-020-2(STEC-NA1),1F-J-03
10419,ＦＡコンベア　中間スイッチ　　　　　　,BCT-4040MS,1F-J-04
10420,ＦＡコンベア　エンドスイッチ　　　　　,BCT-4040ES,1F-J-04
123462,ベース基板セット（小型用）　　　　　　,MSUB(P+B),1F-J-04
131278,ＣＰＵ基板　　　　　　　　　　　　　　,NA1CPU (V-01),1F-J-04
131526,ＰＰＣ基板　　　　　　　　　　　　　　,NA1PPCA(V-01),1F-J-04
80077,ＩＭサーボユニット　　　　　　　　　　,IM075,1F-J-05
80079,３軸切換基板　　　　　　　　　　　　　,IM-K3,1F-J-05
80347,２軸切換基板　　　　　　　　　　　　　,IM-K2A,1F-J-05
280152,コントロール基板　ＳＴＥＣ－ＡＣＩ　　,24115-PR01C (ACI-C),1F-J-05
123098,バックプレーン基板　　　　　　　　　　,MSUBB,1F-K-01
150848,インターロック基板　　　　　　　　　　,PI450,1F-K-01
152330,インターロック基板　　　　　　　　　　,PI480A,1F-K-01
152738,インターロック基板（リレー付き）　　　,PI480C(WITH RELAY),1F-K-01
180842,サーボ基板（ＤＶ４７６対応）　　　　　,SVCP401,1F-K-01
184591,ペンダント（６１０＿日文）（アフター）,P610-4.5 JPN AFTER,1F-K-01
270186,シリアル通信中継基板　　　　　　　　　,DXC-15 11800-PR04,1F-K-01
123475,制御電源スロット　　　　　　　　　　　,MSUCCSM,1F-K-02
152543,ペンダントユニット（４．５ｍ銘板無し）,P520A-4.5 W/O PANEL LABEL,1F-K-02
182101,デジタルサーボドライバー　　　　　　　,SDC075MDA  750W,1F-K-02
182577,デジタルサーボドライバー　　　　　　　,SDC040LFB,1F-K-02
182765,デジタルサーボドライバー　　　　　　　,SDC010LFC,1F-K-02
182767,デジタルサーボドライバー　　　　　　　,SDC040LFC,1F-K-02
183195,デジタルサーボドライバー（アブソ）　　,SDC040LFE(AB),1F-K-02
151325,ペンダントユニット（４ｍ，銘板無し）　,P480-4,1F-K-03
152281,ペンダントユニット（４．５ｍ．銘板無）,P510-4.5,1F-K-03
152549,ペンダントユニット（６２０Ａ）アフター,P620A-4.5 AFTER,1F-K-03
152678,ペンダントユニット（４．５ｍ銘板無し）,P520B-4.5 W/O PANEL LABEL,1F-K-03
184050,ペンダントユニット（カン）　　　　　　,STEC-370 P UNIT,1F-K-03
72754,ペンダントケーブル（４．５ｍ）ＶｅｒＢ,H510-4.5B(STEC-510.520),1F-K-04
122118,２軸デジタルサーボドライバー　　　　　,MSU2-0104,1F-K-04
122119,２軸デジタルサーボドライバー　　　　　,MSU2-0204,1F-K-04
122492,２軸デジタルサーボドライバー　　　　　,MSUA-12MA,1F-K-04
123868,制御電源スロット　　　　　　　　　　　,MSUDCSM,1F-K-04
123871,デジタルサーボドライバースロット　　　,MSUDD020B,1F-K-04
140061,軸通信中継基板　　　　　　　　　　　　,OT401,1F-K-04
140123,走行体中継基板　　　　　　　　　　　　,OTB470,1F-K-04
152679,ペンダントユニット（８ｍ銘板無し）　　,P520B-8 W/O PANEL LABEL,1F-K-04
123476,制御電源スロット　　　　　　　　　　　,MSUCCS,1F-K-05
123870,デジタルサーボドライバースロット　　　,MSUDD010B,1F-K-05
123872,デジタルサーボドライバースロット　　　,MSUDD040B,1F-K-05
152414,ペンダントユニット（４．５ｍ銘板無し）,P520-4.5,1F-K-05
152721,インターロック基板　　　　　　　　　　,PI480C,1F-K-05
152770,インターロック基板（リレー付き）　　　,PI480D(WITH RELAY),1F-K-05
182768,デジタルサーボドライバー　　　　　　　,SDC075LFC,1F-K-05
183190,デジタルサーボドライバー（インクリ）　,SDC075LFE,1F-K-05
185222,ペンダント（和文）　　　　　　　　　　,STEC-K4-PEN(J),1F-K-05
1920,インシュロックタイ　１０００本入　　　,AB100-W,1F-L-00
1921,インシュロックタイ　１００本入　　　　,AB150-W,1F-L-00
1922,インシュロックタイ　１００本入　　　　,AB200-W,1F-L-00
1923,インシュロックタイ　１００本入　　　　,AB300-W,1F-L-00
1924,インシュロックタイ　５０本入　　　　　,AB350-W,1F-L-00
183222,ＳＫＭバインダー　１００個入　　　　　,SKM-20,1F-L-00
183223,ＳＫＭバインダー　１００個入　　　　　,SKM-30,1F-L-00
350347,カートリッジグリース（ワネン）４００ｇ,ﾒｶﾊﾟﾜｰ FF#0 (NO.0) 400G,1F-L-01
350349,カートリッジグリース（ワネン）８０ｇ　,ﾒｶﾊﾟﾜｰ FF#1 (NO.1) 80G,1F-L-01
371295,リサイクルウエス５　　　　　　　　　,SUN WASTE,1F-L-02
20,エアーホース　　　　　　　　　　　　　,AS1 4*2.5,1F-L-03
22,エアーホース　　　　　　　　　　　　　,AS1 8*6,1F-L-03
23,エアーホース　　　　　　　　　　　　　,AS1 6*4.5,1F-L-03
24,エアーホース　　　　　　　　　　　　　,AS1 12*9,1F-L-03
27,エアーホース　　　　　　　　　　　　　,AS1 10*7.5,1F-L-03
210959,ソレノイドバルブ　　　　　　　　　　　,VF3130-5MD1-02-X60,1F-MA-01
210946,ソレノイドバルブ　　　　　　　　　　　,VF3330-5MJ1-02-X102,1F-MA-02
210292,ソレノイドバルブ　　　　　　　　　　　,VZ3140-5MO-X53,1F-MA-03
181983,ソレノイドバルブ　　　　　　　　　　　,SY3140-5MO,1F-MA-04
200202,製品側駆動部Ａｓｓ’Ｙ１　　　　　　　,UA-09FMII-01-01-00,1F-MA-05
340834,製品側駆動部Ａｓｓ’Ｙ　１　　　　　　,80ZM-A1,1F-MA-06
340836,Ｓ側駆動部Ａｓｓ’Ｙ　１　　　　　　　,80ZMS-A1,1F-MA-07
200205,製品側駆動部Ａｓｓ’Ｙ１　　　　　　　,UA-08FMIII-01-01-00,1F-MA-08
200207,Ｓ側駆動部Ａｓｓ’Ｙ１　　　　　　　　,UA-08FMIII-02-01-00,1F-MA-09
182105,ＬＭブロック　　　　　　　　　　　　　,SSR15XW1UU(GK)BLOCK,1F-MA-10
182107,ＬＭブロック　　　　　　　　　　　　　,SSR25XW1UU(GK)BLOCK,1F-MA-11
183652,ＬＭブロック　　　　　　　　　　　　　,SHS35LV1UU(GK)BLOCK,1F-MA-12
210944,ソレノイドバルブ　　　　　　　　　　　,VF3130-5MJ1-02-X102,1F-MB-01
187771,ソレノイドバルブ　　　　　　　　　　　,SY3140T-5LOZ,1F-MB-04
200203,製品側駆動部Ａｓｓ’Ｙ２　　　　　　　,UA-09FMII-01-02-00,1F-MB-05
340835,製品側駆動部Ａｓｓ’Ｙ　２　　　　　　,80ZM-A2,1F-MB-06
340837,Ｓ側駆動部Ａｓｓ’Ｙ　２　　　　　　　,80ZMS-A2,1F-MB-07
200206,製品側駆動部Ａｓｓ’Ｙ２　　　　　　　,UA-08FMIII-01-02-00,1F-MB-08
200208,Ｓ側駆動部Ａｓｓ’Ｙ２　　　　　　　　,UA-08FMIII-02-02-00,1F-MB-09
182111,ＬＭブロック　　　　　　　　　　　　　,SSR20XW1SS(GK)BLOCK,1F-MB-10
183350,サージキラー　　　　　　　　　　　　　,SZ-Z35,1F-MC-01
210952,ソレノイドバルブ（パッキン・ビス無し）,VF5120-5MJ1-03-X70,1F-MC-02
181982,ソレノイドバルブ　　　　　　　　　　　,SY3240-5MO,1F-MC-04
294147,エンドプレート　　　　　　　　　　　　,302061-119-3,1F-MC-05
270347,タイミングベルト　　　　　　　　　　　,150S4.5M351 (78ﾊ),1F-MC-06
300220,ＰＸベルト　　　　　　　　　　　　　　,425P5M25,1F-MC-07
320461,ミニチュア玉軸受　　　　　　　　　　　,688ZZ,1F-MC-08
320562,深溝玉軸受　　　　　　　　　　　　　　,696ZZ,1F-MC-09
182103,ＬＭブロック　　　　　　　　　　　　　,SSR20XV1UU(GK)BLOCK,1F-MC-10
182477,ＬＭブロック　　　　　　　　　　　　　,SHS25LV1UU(GK)BLOCK,1F-MC-11
183653,ＬＭブロック　　　　　　　　　　　　　,SHS45LV1UU(GK)BLOCK,1F-MC-1213
210922,ソレノイドバルブ　　　　　　　　　　　,VP542R-5D1-03A-F,1F-MD-01
210953,ソレノイドバルブ（パッキン・ビス無し）,VF5320-5MJ1-03-X70,1F-MD-02
210271,ソレノイドバルブ　　　　　　　　　　　,VZ3240-5MO-X53,1F-MD-03
187772,ソレノイドバルブ　　　　　　　　　　　,SY3240T-5LOZ,1F-MD-04
270348,タイミングベルト　　　　　　　　　　　,150S4.5M396 (88ﾊ),1F-MD-06
310479,スーパーＰＸベルト　　　　　　　　　　,525SP5M15,1F-MD-07
320160,深ミゾ玉軸受　　　　　　　　　　　　　,6001ZZ,1F-MD-08
320523,深ミゾ玉軸受　　　　　　　　　　　　　,6202ZZ,1F-MD-09
182106,ＬＭブロック　　　　　　　　　　　　　,SSR20XW1UU(GK)BLOCK,1F-MD-10
182109,ＬＭブロック　　　　　　　　　　　　　,SSR35XW1UU(GK)BLOCK,1F-MD-11
210945,ソレノイドバルブ　　　　　　　　　　　,VF3230-5MJ1-02-X102,1F-ME-01
184260,ソレノイドバルブ　　　　　　　　　　　,SF2101-IP-SC1-CN1-D4,1F-ME-02
210312,ソレノイドバルブ　　　　　　　　　　　,VZ3340-5MO-X53,1F-ME-03
181994,ソレノイドバルブ（パッキン・ビス無し）,SY7120-5MO-02-F2,1F-ME-04
270349,タイミングベルト　　　　　　　　　　　,150S4.5M450 (100ﾊ),1F-ME-06
310480,ＰＸベルト　　　　　　　　　　　　　　,525P5M15,1F-ME-07
320193,深ミゾ玉軸受　　　　　　　　　　　　　,6002ZZ,1F-ME-08
320485,深溝玉軸受　　　　　　　　　　　　　　,6005ZZ,1F-ME-09
182473,ＬＭブロック　　　　　　　　　　　　　,SHS20V1UU(GK)BLOCK,1F-ME-10
210957,ソレノイドバルブ　　　　　　　　　　　,VF3230-5MD1-02-X24,1F-MF-01
184262,ソレノイドバルブ　　　　　　　　　　　,SF4101-IP-SC2-CN2-D4,1F-MF-02
298625,オートスイッチ（ＲｏＨＳ）　　　　　　,3C-D-A93,1F-MF-04
290818,ＰＸベルト　　　　　　　　　　　　　　,375P5M15,1F-MF-06
181504,軸用Ｃ型止メ輪　　　　　　　　　　　　,STW-6,1F-MF-07
180399,軸用Ｃ型止メ輪　　　　　　　　　　　　,STW-8,1F-MF-08
321405,深溝玉軸受　　　　　　　　　　　　　　,6205ZZ,1F-MF-09
183651,ＬＭブロック　　　　　　　　　　　　　,SHS20LV1UU(GK)BLOCK,1F-MF-10
60582,ミニリレー　　　　　　　　　　　　　　,G6B-1174P-US DC12V,1F-NA-01
30119,オートスイッチ　　　　　　　　　　　　,D-97-90,1F-NA-02
10709,非常停止スイッチ（ハーネス付き）　　　,B5002020-PND-H02,1F-NA-03
271794,電源キースイッチ（ハーネス付き）　　　,149827-PND-H02A,1F-NA-04
10748,動作可能キー（ハーネス付き）　　　　　,B3921100-PND-H04B,1F-NA-05
170917,ランナーチャック（ＳＰ－３００）　　　,CHK-RN12-C,1F-NA-06
23401,ランナーチャック（センサー付）　　　　,CHK1-CM22II-C-2,1F-NA-07
281846,タイムラグ・ヒューズ　　　　　　　　　,215 3.15MXP,1F-NA-08
350107,タコバム　エジェクタサービスキット　　,92247  (VC1-101/102ﾖｳ),1F-NA-09
50020,ヒューズホルダー　　　　　　　　　　　,F-4000-A,1F-NA-10
126329,リレー　　　　　　　　　　　　　　　　,MY2N-D2 DC24,1F-NA-11
120018,リレー　　　　　　　　　　　　　　　　,MY2N AC200V,1F-NA-12
193837,近接スイッチ　　　　　　　　　　　　　,TL-Q5MC1-C (ｺﾈｸﾀｰ ﾂｷ),1F-NB-01
30159,オートスイッチ　　　　　　　　　　　　,D-B73-110(ｺﾈｸﾀｰﾂｷ),1F-NB-02
30394,オートスイッチ（コネクター付）　　　　,D-C73K-C (900ﾐﾘ),1F-NB-03
41782,近接センサ（コネクタ付）　　　　　　　,E2S-Q23-XMR-A,1F-NB-05
22783,ランナーチャック（センサー付）　　　　,CHK-CS18-C,1F-NB-06
23188,ランナーチャック（センサー付）　　　　,CHK1-CM22-C,1F-NB-07
20665,ゴムマグ　　　　　　　　　　　　　　　,CM-1013-T1.5,1F-NB-08
20666,ゴムマグ　　　　　　　　　　　　　　　,CM-1013-T2.0,1F-NB-08
193838,近接スイッチ　　　　　　　　　　　　　,TL-Q5MC2-C (ｺﾈｸﾀｰ ﾂｷ),1F-NC-01
298624,オートスイッチ（ＲｏＨＳ・コネクタ付）,3C-D-A93-XMR,1F-NC-02
41774,近接スイッチ（コネクタ付）　　　　　　,E2S-W13-R-S-XMR,1F-NC-03
170449,ランナーチャック（センサー付）　　　　,CHK-RN20-C,1F-NC-05
23400,ランナーチャック（センサー付）　　　　,CHK1-CM22II-L-XMR-2,1F-NC-06
23399,ランナーチャック（センサー付）　　　　,CHK1-CM22II-XMR-2,1F-NC-07
100493,チャックスプリング　　　　　　　　　　,KH-1008,1F-NC-08
30438,デジタル圧力センサー　　　　　　　　　,DP-101ZA,1F-NC-09
170781,ロータリーエンコーダー　　　　　　　　,RE-1-32,1F-NC-10
152712,ソケット　　　　　　　　　　　　　　　,PYFZ-08,1F-NC-11
120015,リレー　　　　　　　　　　　　　　　　,MY2N DC24V,1F-NC-12
196575,近接スイッチ（コネクタ付）　　　　　　,TL-Q5MC1-XMR,1F-ND-01
171161,磁気近接センサー（コネクタ付）　　　　,RS-1SH-XMR,1F-ND-02
171008,磁気近接センサー（コネクタ付）　　　　,RS-1SH-33,1F-ND-03
100705,チャック用パッキン（取付用ガスケット）,KH-1010,1F-ND-05
20589,ランナーチャック（センサー付）　　　　,CHK-RN24-C,1F-ND-06
131250,圧力スイッチ　　　　　　　　　　　　　,NPS-030-10,1F-ND-08
371754,ランナーチャック用変換ハーネス　　　　,SRC-2012,1F-ND-09
200059,スタイルファン　　　　　　　　　　　　,UP92B20  200V,1F-ND-10
270054,ファン　　　　　　　　　　　　　　　　,109-S092,1F-ND-10
1443,照光式押ボタンスイッチ（緑）　　　　　,AL6H-M14G,1F-NE-01
1444,スイッチガード　　　　　　　　　　　　,AL-KH6,1F-NE-02
41781,近接センサ（コネクタ付）　　　　　　　,E2S-W23-XMR-A,1F-NE-03
400704,チャックスペーサ　　　　　　　　　　　,H44742-050-0,1F-NE-05
23189,ランナーチャック（センサー付）　　　　,CHK1-CM22-C SP,1F-NE-06
60583,ミニリレー　　　　　　　　　　　　　　,G6B-2114P-US DC12V,1F-NE-07
60584,ミニリレー　　　　　　　　　　　　　　,G6B-2214P-US DC12V,1F-NE-08
171045,カードリレー　　　　　　　　　　　　　,RB-105-DB,1F-NE-09
60265,ショートバー　　　　　　　　　　　　　,G6B-4-SB,1F-NE-10
40415,ミニリレー　　　　　　　　　　　　　　,G6B-4BND DC24V,1F-NE-11
271548,ＭＳＵＡドライバー内部ファン　　　　　,149507-FAN-H02,1F-NF-01
271866,ファン（６０角：ＤＣ２４Ｖ）　　　　　,149506-FAN-H04A,1F-NF-01
2166,電源スイッチ　キー付　　　　　　　　　,AS6M-2KT2B,1F-NF-02
1442,セレクトスイッチ（３ノッチ）　　　　　,AS6Q-3Y2,1F-NF-03
23374,リチウム電池　　　　　　　　　　　　　,CR-2430P,1F-NF-05
121571,バッテリー　　　　　　　　　　　　　　,MR-BAT,1F-NF-06
40303,リチウム電池　　　　　　　　　　　　　,ER6(AA)3.6V,1F-NF-07
292944,リチウム電池　　　　　　　　　　　　　,ER6(AA)3.6V-ABS,1F-NF-08
23012,リチウム電池（電池単体）　　　　　　　,CR-2032 3V,1F-NF-09
370876,防振ゴム　Ｔ－１００　　　　　　　　　,10*35L,1F-NF-10
295611,アイアンラバーＡＴベルト（耐屈曲芯線）,015-AT10-4000E-LY,1F-P-01
260997,アイアンラバーＡＴベルト（耐屈曲芯線）,020-AT10-4000E-LY,1F-P-02
295612,アイアンラバーＡＴベルト（耐屈曲芯線）,025-AT10-4000E-LY,1F-P-03
295613,アイアンラバーＡＴベルト（耐屈曲芯線）,032-AT10-4000E-LY,1F-P-04
260998,アイアンラバーＡＴベルト（耐屈曲芯線）,040-AT10-4000E-LY,1F-P-05
295614,アイアンラバーＡＴベルト（耐屈曲芯線）,050-AT10-4000E-LY,1F-P-06
261443,アイアンラバーＡＴベルト（耐屈曲芯線）,015-AT5-12000E-LY,1F-P-07
261461,アイアンラバーＡＴベルト（耐屈曲芯線）,025-AT5-12000E-LY,1F-P-08
261470,アイアンラバーＡＴベルト（耐屈曲芯線）,032-AT5-12000E-LY,1F-P-09
261438,アイアンラバーＡＴベルト（耐屈曲芯線）,040-AT5-12000E-LY,1F-P-10
261480,アイアンラバーＡＴベルト（耐屈曲芯線）,050-AT5-12000E-LY,1F-P-11
80052,回生抵抗　　　　　　　　　　　　　　　,IRV150N 120J,1F-Q-01
270056,圧着端子　　　　　　　　　　　　　　　,1.25-YAS3,1F-R-A1
280016,圧着端子　　　　　　　　　　　　　　　,2-YAS4,1F-R-A2
290199,圧着端子　　　　　　　　　　　　　　　,3.5-YAS4,1F-R-A3
10119,圧着端子　　　　　　　　　　　　　　　,BT 1.25-9-1,1F-R-A4
170121,圧着端子　　　　　　　　　　　　　　　,R2-8,1F-R-A5
310504,圧着端子　　　　　　　　　　　　　　　,5.5-8,1F-R-A8
150250,差込み型ピン端子（メス）　　　　　　　,PC-2005F,1F-R-B1
150251,差込み型ピン端子（オス）　　　　　　　,PC-2005M,1F-R-B2
210031,圧着端子（赤）　　　　　　　　　　　　,VB-1.25,1F-R-B3
210546,圧着端子（透明）　　　　　　　　　　　,VB-1.25,1F-R-B4
20133,圧着端子　　　　　　　　　　　　　　　,CE-2,1F-R-B5
20132,圧着端子　　　　　　　　　　　　　　　,CE-5,1F-R-B6
270299,コネクター　　　　　　　　　　　　　　,172167-1,1F-R-C1
270300,コネクター　　　　　　　　　　　　　　,172168-1,1F-R-C2
270301,コネクター　　　　　　　　　　　　　　,172169-1,1F-R-C3
270428,コネクター　　　　　　　　　　　　　　,172159-1 4P,1F-R-C4
270429,コネクター　　　　　　　　　　　　　　,172160-1 6P,1F-R-C5
270220,コネクター　　　　　　　　　　　　　　,172161-1,1F-R-C6
171196,圧着端子（ニチフ）　　　　　　　　　　,R2-4,1F-R-C8
270434,コネクター　　　　　　　　　　　　　　,172157-1 2P,1F-R-D1
270433,端子　　　　　　　　　　　　　　　　　,170364-1,1F-R-D2
270298,コネクター　　　　　　　　　　　　　　,172165-1,1F-R-D3
270431,端子　　　　　　　　　　　　　　　　　,170366-1,1F-R-D4
10536,ブレーキ＆パーツクリーナー９　　　　　,BC-9,1F-S-ｿｳｺ
22833,接点復活剤　ドライ　　　　　　　　　　,CR-D 180ML,1F-S-ｿｳｺ
100717,シリコン離型剤（クリューバー）　　　　,KLUBER S50,1F-S-ｿｳｺ
370963,ハーネス用ビニールテープ（灰）　　　　,#234 0.13*19*20,1F-T-1
370411,ハーネス用ビニールテープ（黒）　　　　,#234 0.13*19*20,1F-T-2
371765,接着剤・セメダイン・２０ｍｌ　　　　　,AX-038 (ｽｰﾊﾟｰX･20TM),1F-T-3
122777,平ワッシャー　（三価クロメート）ＪＩＳ,M3,1F-UA-01
122772,スプリングワッシャー（サンカシロ）　　,M3,1F-UA-02
123301,六角ナット（１種）（三価クロメート）　,M3,1F-UA-03
122789,六角穴付ボルト（サンカシロ）　　　　　,M3*5,1F-UA-04
122790,六角穴付ボルト（サンカシロ）　　　　　,M3*10,1F-UA-05
122791,六角穴付ボルト（サンカシロ）　　　　　,M3*15,1F-UA-06
122792,六角穴付ボルト（サンカシロ）　　　　　,M3*20,1F-UA-07
122793,六角穴付ボルト（サンカシロ）　　　　　,M3*25,1F-UA-08
122794,六角穴付ボルト（サンカシロ）　　　　　,M3*30,1F-UA-09
122979,六角穴付ボルト（サンカシロ）　　　　　,M3*35,1F-UA-10
122778,平ワッシャー　（三価クロメート）ＪＩＳ,M4,1F-UB-01
122773,スプリングワッシャー（サンカシロ）　　,M4,1F-UB-02
123302,六角ナット（１種）（三価クロメート）　,M4,1F-UB-03
122795,六角穴付ボルト（サンカシロ）　　　　　,M4*10,1F-UB-04
122796,六角穴付ボルト（サンカシロ）　　　　　,M4*12,1F-UB-05
122797,六角穴付ボルト（サンカシロ）　　　　　,M4*15,1F-UB-06
122965,六角穴付ボルト（サンカシロ）　　　　　,M4*20,1F-UB-07
122798,六角穴付ボルト（サンカシロ）　　　　　,M4*25,1F-UB-08
122799,六角穴付ボルト（サンカシロ）　　　　　,M4*30,1F-UB-09
122800,六角穴付ボルト（サンカシロ）　　　　　,M4*35,1F-UB-10
122779,平ワッシャー　（三価クロメート）ＪＩＳ,M5,1F-UC-01
122774,スプリングワッシャー（サンカシロ）　　,M5,1F-UC-02
123303,六角ナット（１種）（三価クロメート）　,M5,1F-UC-03
122803,六角穴付ボルト（サンカシロ）　　　　　,M5*10,1F-UC-04
122804,六角穴付ボルト（サンカシロ）　　　　　,M5*15,1F-UC-05
122966,六角穴付ボルト（サンカシロ）　　　　　,M5*20,1F-UC-06
122967,六角穴付ボルト（サンカシロ）　　　　　,M5*25,1F-UC-07
122968,六角穴付ボルト（サンカシロ）　　　　　,M5*30,1F-UC-08
122984,六角穴付ボルト（サンカシロ）　　　　　,M5*35,1F-UC-09
122985,六角穴付ボルト（サンカシロ）　　　　　,M5*40,1F-UC-10
122780,平ワッシャー　（三価クロメート）ＪＩＳ,M6,1F-UD-01
122775,スプリングワッシャー（サンカシロ）　　,M6,1F-UD-02
123304,六角ナット（１種）（三価クロメート）　,M6,1F-UD-03
122988,六角穴付ボルト（サンカシロ）　　　　　,M6*10,1F-UD-04
122805,六角穴付ボルト（サンカシロ）　　　　　,M6*15,1F-UD-05
122806,六角穴付ボルト（サンカシロ）　　　　　,M6*20,1F-UD-06
122969,六角穴付ボルト（サンカシロ）　　　　　,M6*25,1F-UD-07
122970,六角穴付ボルト（サンカシロ）　　　　　,M6*30,1F-UD-08
122989,六角穴付ボルト（サンカシロ）　　　　　,M6*35,1F-UD-09
122990,六角穴付ボルト（サンカシロ）　　　　　,M6*40,1F-UD-10
122781,平ワッシャー　（三価クロメート）ＪＩＳ,M8,1F-UE-01
122776,スプリングワッシャー（サンカシロ）　　,M8,1F-UE-02
123305,六角ナット（１種）（三価クロメート）　,M8,1F-UE-03
122977,六角穴付ボルト（サンカシロ）　　　　　,M8*10,1F-UE-04
122978,六角穴付ボルト（サンカシロ）　　　　　,M8*15,1F-UE-05
122971,六角穴付ボルト（サンカシロ）　　　　　,M8*20,1F-UE-06
122830,六角穴付ボルト（サンカシロ）　　　　　,M8*25,1F-UE-07
122972,六角穴付ボルト（サンカシロ）　　　　　,M8*30,1F-UE-08
122973,六角穴付ボルト（サンカシロ）　　　　　,M8*35,1F-UE-09
122974,六角穴付ボルト（サンカシロ）　　　　　,M8*40,1F-UE-10
101662,ワンタッチ管継手（ハーフユニオン）　　,KQ2H04-M5N,1F-VA-01
101492,ハーフユニオン　　　　　　　　　　　　,KQ2H06-M5A,1F-VA-02
101496,ワンタッチ管継手（ハーフユニオン）　　,KQ2H08-01AS,1F-VA-03
101480,ワンタッチ管継手（ハーフユニオン）　　,KQ2H10-01AS,1F-VA-04
101481,ワンタッチ管継手（ハーフユニオン）　　,KQ2H12-02AS,1F-VA-05
101469,継手・ストレート　　　　　　　　　　　,KQ2H04-00A,1F-VA-06
101472,継手・ユニオンワイ　　　　　　　　　　,KQ2U04-00A,1F-VA-07
101471,継手・異径ストレート　　　　　　　　　,KQ2H04-06A,1F-VA-08
2239,スピコン　　　　　　　　　　　　　　　,AS1201F-M5-04A,1F-VA-09
101490,ワンタッチ管継手　　　　　　　　　　　,KQ2H04-01AS,1F-VB-01
101493,ワンタッチ管継手　　　　　　　　　　　,KQ2H06-01AS,1F-VB-02
101497,ワンタッチ管継手　　　　　　　　　　　,KQ2H08-02AS,1F-VB-03
101499,ワンタッチ管継手　　　　　　　　　　　,KQ2H10-02AS,1F-VB-04
101502,ワンタッチ管継手　　　　　　　　　　　,KQ2H12-03AS,1F-VB-05
101470,継手・ストレート　　　　　　　　　　　,KQ2H06-00A,1F-VB-06
101465,継手・ユニオンワイ　　　　　　　　　　,KQ2U06-00A,1F-VB-07
101581,ワンタッチ管継手（ハーフユニオン）　　,KQ2H06-08A,1F-VB-08
2288,スピコン　　　　　　　　　　　　　　　,AS1201F-M5-06A,1F-VB-09
101491,配管継手　　　　　　　　　　　　　　　,KQ2H04-02AS,1F-VC-01
101494,ワンタッチ管継手　　　　　　　　　　　,KQ2H06-02AS,1F-VC-02
101498,ワンタッチ管継手（ハーフユニオン）　　,KQ2H08-03AS,1F-VC-03
101500,ワンタッチ管継手　　　　　　　　　　　,KQ2H10-03AS,1F-VC-04
101503,継手　　　　　　　　　　　　　　　　　,KQ2H12-04AS,1F-VC-05
101516,ワンタッチ管継手（ストレート）　　　　,KQ2H08-00A,1F-VC-06
101633,ワンタッチ管継手　　　　　　　　　　　,KQ2U08-00A,1F-VC-07
101582,ワンタッチ管継手　　　　　　　　　　　,KQ2H08-10A,1F-VC-08
2250,スピコン　　　　　　　　　　　　　　　,AS2201F-02-04SA,1F-VC-09
101519,ワンタッチ管継手（エルボユニオン）　　,KQ2L04-M5A,1F-VD-01
101522,ワンタッチ管継手（エルボユニオン）　　,KQ2L06-M5A,1F-VD-02
101484,ワンタッチ管継手（エルボユニオン）　　,KQ2L08-01AS,1F-VD-03
101485,ワンタッチ管継手（エルボユニオン）　　,KQ2L10-02AS,1F-VD-04
101529,ワンタッチ管継手（エルボユニオン）　　,KQ2L12-02AS,1F-VD-05
101517,ワンタッチ管継手　　　　　　　　　　　,KQ2H10-00A,1F-VD-06
101634,ワンタッチ管継手　　　　　　　　　　　,KQ2U10-00A,1F-VD-07
101583,ワンタッチ管継手　　　　　　　　　　　,KQ2H10-12A,1F-VD-08
2245,スピコン　　　　　　　　　　　　　　　,AS2201F-01-06SA,1F-VD-09
101520,ワンタッチ管継手（エルボユニオン）　　,KQ2L04-01AS,1F-VE-01
101483,ワンタッチ管継手（エルボユニオン）　　,KQ2L06-01AS,1F-VE-02
101525,ワンタッチ管継手（エルボユニオン）　　,KQ2L08-02AS,1F-VE-03
101528,ワンタッチ管継手（エルボユニオン）　　,KQ2L10-03AS,1F-VE-04
101530,ワンタッチ管継手（エルボユニオン）　　,KQ2L12-03AS,1F-VE-05
101475,ワンタッチ管継手　　　　　　　　　　　,KQ2H12-00A,1F-VE-06
101635,ワンタッチ管継手　　　　　　　　　　　,KQ2U12-00A,1F-VE-07
101473,継手・異径ユニオンワイ　　　　　　　　,KQ2U04-06A,1F-VE-08
955,スピコン　　　　　　　　　　　　　　　,AS2201F-02-06,1F-VE-09
101521,ワンタッチ管継手（エルボユニオン）　　,KQ2L04-02AS,1F-VF-01
101523,ワンタッチ管継手（エルボユニオン）　　,KQ2L06-02AS,1F-VF-02
101526,ワンタッチ管継手（エルボユニオン）　　,KQ2L08-03AS,1F-VF-03
101486,ワンタッチ管継手（エルボユニオン）　　,KQ2L10-04AS,1F-VF-04
101531,ワンタッチ管継手（エルボユニオン）　　,KQ2L12-04AS,1F-VF-05
101476,ワンタッチ管継手（エルボユニオン）　　,KQ2L12-00A,1F-VF-07
101636,ワンタッチ管継手　　　　　　　　　　　,KQ2U06-08A,1F-VF-08
290061,エアーカプラ　　　　　　　　　　　　　,30PM,1F-WA-01
101584,ワンタッチ管継手（両口チーズユニオン）,KQ2T04-01AS,1G-VG-01
101587,ワンタッチ管継手（両口チーズユニオン）,KQ2T06-01AS,1G-VG-02
101710,継手・エルボユニオン　　　　　　　　　,KQ2L04-01NS,1G-VG-03
102051,継手・エルボユニオン　　　　　　　　　,KQ2L06-M6A,1G-VG-04
101637,異径ユニオンワイ　　　　　　　　　　　,KQ2U08-10A,1G-VG-08
101585,ワンタッチ管継手（両口チーズユニオン）,KQ2T04-02AS,1G-VH-01
101588,ワンタッチ管継手（両口チーズユニオン）,KQ2T06-02AS,1G-VH-02
100817,ハーフユニオン　　　　　　　　　　　　,KCH04-M5,1G-VH-03
100818,ハーフユニオン　　　　　　　　　　　　,KCH06-M5,1G-VH-04
150375,継手　　　　　　　　　　　　　　　　　,PUM5-4*2.5,1G-VH-05
150359,継手　　　　　　　　　　　　　　　　　,PUM5-6*4,1G-VH-06
