部品№,品名,規格,保管 ｾｸｼｮﾝ,棚番
139,サイレンサー　　　　　　　　　　　　　,AN110-01,000414-01,09C
1312,ミニチュア減圧弁　　　　　　　　　　　,ARJ210-M5BG,000414-01,02C
1382,ミニチュア減圧弁　　　　　　　　　　　,ARJ1020F-M5-04,000414-01,01D
1447,ミニチュア減圧弁　　　　　　　　　　　,ARJ1020F-M5-06,000414-01,E01D
1779,スピコン　　　　　　　　　　　　　　　,AS2301F-02-06S,000414-01,49B
1871,サイレンサ　　　　　　　　　　　　　　,AN402-04,000414-01,09C
1888,エレメント（ＡＷ３０用）　　　　　　　,AF30P-060S,000414-01,49B
1900,エレメント（ＡＷ４０用）　　　　　　　,AF40P-060S,000414-01,42E
1917,サイレンサー　　　　　　　　　　　　　,ANA1-04,000414-01,48A
1920,インシュロックタイ　１０００本入　　　,AB100-W,000414-01,10B
1921,インシュロックタイ　１００本入　　　　,AB150-W,000414-01,10B
1922,インシュロックタイ　１００本入　　　　,AB200-W,000414-01,10B
1923,インシュロックタイ　１００本入　　　　,AB300-W,000414-01,08D
1924,インシュロックタイ　５０本入　　　　　,AB350-W,000414-01,28D
2161,マルチＡＮＤ基板　　　　　　　　　　　,AND/OR-EU,000414-01,13D
2199,スピコン　　　　　　　　　　　　　　　,AS1002F-04,000414-01,04D
2200,スピコン　　　　　　　　　　　　　　　,AS1002F-06,000414-01,26B
2209,サイレンサー　　　　　　　　　　　　　,AN20-02,000414-01,1Fﾐﾅﾐ01F
2210,サイレンサー　　　　　　　　　　　　　,AN30-03,000414-01,21D
2216,クイックエキゾーストバルブ　　　　　　,AQ240F-04-00,000414-01,31B
2217,クイックエキゾーストバルブ　　　　　　,AQ240F-06-00,000414-01,33C
2237,マルチＡＮＤ基板４Ｐ　　　　　　　　　,AND/OR-EU-4P,000414-01,23C
2239,スピコン　　　　　　　　　　　　　　　,AS1201F-M5-04A,000414-01,01D
2242,スピコン　　　　　　　　　　　　　　　,AS2201F-01-04SA,000414-01,12C
2288,スピコン　　　　　　　　　　　　　　　,AS1201F-M5-06A,000414-01,18D
2309,サイレンサ　　　　　　　　　　　　　　,ANA1-01,000414-01,E02A
2356,ＡＲＪ１取付ブラケット　　　　　　　　,ARJ1B2,000414-01,37D
2364,手動片手式圧着工具　　　　　　　　　　,AK15A,000414-01,E03B
2407,アルミ製ラミジップ　　　　　　　　　　,AL-22,000414-01,70(4F)A
2433,高精度シリンダセンサ（Ｎ極）　　　　　,ACH02LN,000414-01,1Fﾐﾅﾐ06C
2434,高精度シリンダセンサ（Ｓ極）　　　　　,ACH02LS,000414-01,1Fﾐﾅﾐ06B
2481,接着剤・セメダイン・１３５ｍｌ　　　　,AX-250(ｽｰﾊﾟｰX8008･135ML),000414-01,1Fﾐﾅﾐ01B
2498,アタッチＢＫＴ・φ１２・Ｍ６（後付）　,ATTB12-M6,000414-01,44B
2499,アタッチＢＫＴ・φ１２・Ｍ６（後付）　,ATTB12T-M6,000414-01,43A
2500,アタッチＢＫＴ・φ２０・Ｍ６（後付）　,ATTB20-M6,000414-01,43B
2501,アタッチＢＫＴ・φ２０・Ｍ６（後付）　,ATTB20T-M6,000414-01,44A
2507,フィルタレギュレータ（ＳＭＣ）　　　　,AW30-03BDG-6R-D-X2297,000414-01,17D
2508,フィルタレギュレータ　　　　　　　　　,AW40-04BDG-6R-D,000414-01,80(ﾐﾅﾐ)C
10416,継手　　　　　　　　　　　　　　　　　,BF-5-M3,000414-01,16D
10473,継手　　　　　　　　　　　　　　　　　,BF-3,000414-01,23C
10474,継手　　　　　　　　　　　　　　　　　,PF-3,000414-01,07D
10481,継手　　　　　　　　　　　　　　　　　,BF-6-M4,000414-01,14C
10482,継手　　　　　　　　　　　　　　　　　,BF-5-M4,000414-01,29C
10519,微細検出センサーユニット　　　　　　　,B-SENS-UNIT,000414-01,KUNIMORI-D
10521,微細コントローラーユニット　　　　　　,B-CONT-UNIT,000414-01,34C
10522,微細センサーハーネス　　　　　　　　　,B-SENS-H,000414-01,1Fﾐﾅﾐ06B
10579,コネクター台座　　　　　　　　　　　　,B-CONT-S,000414-01,44D
10585,樹脂マニホールド用キャップ・ＢＦ５　　,BF5-CAP,000414-01,31C
10586,樹脂マニホールド用キャップ・ＢＦ６　　,BF6-CAP,000414-01,09D
10633,オートスイッチ・無接点　　　　　　　　,E16-M1,000414-01,27B
10634,オートスイッチ取付金具　　　　　　　　,BMG2-012,000414-01,15D
10749,吸着パッド　　　　　　　　　　　　　　,B1.5/60-MU65-N6-G-F2-38M,000414-01,39B
10750,吸着パッド　　　　　　　　　　　　　　,B1.5/60-MU80-N6-G-F2-38M,000414-01,40A
20830,ＲＳＲ　４Ｐ　取付ＢＫＴ　　　　　　　,CP-055,000414-01,30B
20837,取付Ｌ金具・リミットスイッチ用　　　　,CP-059-A,000414-01,16D
20838,取付Ｌ金具・リミットスイッチ用　　　　,CP-059-B,000414-01,48A
20839,取付Ｌ金具・リミットスイッチ用　　　　,CP-059-C,000414-01,1Fﾐﾅﾐ02B
20844,吸着金具・ミニ・ミニシリンダー用　　　,CP-064,000414-01,11B
21009,取付Ｌ金具・リミットスイッチ用　　　　,CP-070,000414-01,18D
22542,吸着金具アジャスター・スモール用　　　,CP-021AL (20L),000414-01,06C
22543,吸着金具アジャスター・スモール用　　　,CP-022AL (40L),000414-01,06C
22544,吸着金具アジャスター・ミニ用　　　　　,CP-023AL (20L),000414-01,34D
22545,吸着金具アジャスター・ミニ用　　　　　,CP-024AL (40L),000414-01,27B
22664,当板・丸型・白φ２５・ミニシリンダー用,CP-074,000414-01,07D
22667,継手　　　　　　　　　　　　　　　　　,CF,000414-01,05C
22797,当板・角型・黒・マイクロシリンダー用　,CPUM-01,000414-01,02C
22798,ツメ・Ｌ型・マイクロミニシリンダー用　,CPUM-02,000414-01,05C
22801,締付板・マイクロミニシリンダー用　　　,CPUM-05,000414-01,11B
22876,ランナーチャックＥＸ（センサー無）　　,CHK-EX-20,000414-01,16B
22877,ランナーチャックＥＬ（センサー無）　　,CHK-EL-12,000414-01,27C
22878,ランナーチャックＥＭ（センサー無）　　,CHK-EM-12,000414-01,13D
22879,ランナーチャックＥＳ（センサー無）　　,CHK-ES-08,000414-01,11B
22880,ランナーチャックＥＸ（センサー付）　　,CHK-EX-20-C,000414-01,22C
22881,ランナーチャックＥＬ（センサー付）　　,CHK-EL-12-C,000414-01,28C
22882,ランナーチャックＥＭ（センサー付）　　,CHK-EM-12-C,000414-01,17B
22883,ランナーチャックＥＳ（センサー付）　　,CHK-ES-08-C,000414-01,27B
22892,ランナーチャックプレート　　　　　　　,CHK-MCD01,000414-01,30C
22991,ランナーチャックＥＮ（センサー無）　　,CHK-EN1-06,000414-01,39B
22992,ランナーチャックＥＳ（センサー無）　　,CHK-ES1-08,000414-01,17B
22993,ランナーチャックＥＭ（センサー無）　　,CHK-EM1-12,000414-01,09B
22994,ランナーチャックＥＬ（センサー無）　　,CHK-EL1-12,000414-01,11B
22995,ランナーチャックＥＸ（センサー無）　　,CHK-EX1-20,000414-01,26B
22996,ランナーチャックＥＬ（センサー無）　　,CHK-EL1L-12,000414-01,14C
22997,ランナーチャックＥＸ（センサー無）　　,CHK-EX1L-20,000414-01,31B
22998,ランナーチャックＥＳ（近接センサー付）,CHK-ES1-08-C,000414-01,30B
22999,ランナーチャックＥＭ（近接センサー付）,CHK-EM1-12-C,000414-01,10D
23000,ランナーチャックＥＬ（近接センサー付）,CHK-EL1-12-C,000414-01,26C
23001,ランナーチャックＥＸ（近接センサー付）,CHK-EX1-20-C,000414-01,25C
23004,ランナーチャックＥＳ（リミットＳＷ付）,CHK-ES1-08-C1,000414-01,32D
23005,ランナーチャックＥＭ（リミットＳＷ付）,CHK-EM1-12-C1,000414-01,07B
23006,ランナーチャックＥＬ（リミットＳＷ付）,CHK-EL1-12-C1,000414-01,06B
23007,ランナーチャックＥＸ（リミットＳＷ付）,CHK-EX1-20-C1,000414-01,08D
23012,リチウム電池（電池単体）　　　　　　　,CR-2032 3V,000414-01,01B
23014,近接センサーＡＳＳ’Ｙ　　　　　　　　,CHK-E1SME,000414-01,KUNIMORI-A
23015,近接センサーＡＳＳ’Ｙ　　　　　　　　,CHK-E1LXE,000414-01,22C
23016,リミットスイッチＡＳＳ’Ｙ　　　　　　,CHK-E1SW,000414-01,16B
23086,近接センサーＡＳＳ’Ｙ　　　　　　　　,CHK-ESE,000414-01,44E
23087,近接センサーＡＳＳ’Ｙ　　　　　　　　,CHK-EMLXE,000414-01,19D
23113,当板・角型・白・マイクロシリンダー用　,CPUM-01(SR),000414-01,02D
23128,吸着金具スモール・マイクロシリンダー用,CP-063A,000414-01,30C
23158,ランナーチャックＥＸ（近接センサー付）,CHK-EX2L-20-C,000414-01,31C
23159,ランナーチャックＥＸ（リミットＳＷ付）,CHK-EX2L-20-C1,000414-01,21B
23160,ランナーチャックＥＬ（近接センサー付）,CHK-EL2L-12-C,000414-01,35A
23161,ランナーチャックＥＬ（リミットＳＷ付）,CHK-EL2L-12-C1,000414-01,29A
23195,吸着金具・スモール・ミニシリンダー用　,CP-063B,000414-01,18D
23196,締付板・コンテナシリンダー用　　　　　,CP-075,000414-01,1Fﾐﾅﾐ05D
23197,締付板・スライドブラケット用　　　　　,CP-076,000414-01,31A
23211,鉄製当て板　　　　　　　　　　　　　　,CP-06F,000414-01,17D
23215,ツメ・平行チャック用　　　　　　　　　,CP-HC10N,000414-01,31C
23216,ツメ・平行チャック用　　　　　　　　　,CP-HC20N,000414-01,17B
23217,スペーサー・平行チャック用　　　　　　,CP-HC10S,000414-01,26C
23218,スペーサー・平行チャック用　　　　　　,CP-HC20S,000414-01,1Fﾐﾅﾐ01C
23219,当板・角型・黒・引込用　　　　　　　　,CP-077,000414-01,26B
23220,当板・角型・白・引込用　　　　　　　　,CP-078,000414-01,33C
23277,真空発生ユニット（Ｎ．Ｃ）　　　　　　,CVX-1668-SC3,000414-01,41A
23278,真空発生ユニット（Ｎ．Ｏ）　　　　　　,CVX-1669-SC3,000414-01,39B
23281,電磁弁サービスキット（ＳＣ３）　　　　,CKV010-4E,000414-01,04C
23284,ランナーチャックＥＭ（爪着脱式）　　　,CHK-EMBF-12,000414-01,37D
23285,ランナーチャックＥＭ（着脱爪）　　　　,CHK-EMF-12,000414-01,47F
23286,ランナーチャックＥＭ（近接・爪着脱式）,CHK-EMBF-12-C,000414-01,1Fﾐﾅﾐ04F
23287,ランナーチャックＥＭ（近接・着脱爪）　,CHK-EMF-12-C,000414-01,44E
23288,ランナーチャックＥＭ（ＬＳ・爪着脱式）,CHK-EMBF-12-C1,000414-01,E02A
23289,ランナーチャックＥＭ（ＬＳ・着脱爪）　,CHK-EMF-12-C1,000414-01,43E
23290,ランナーチャックＥＸ（爪着脱式）　　　,CHK-EXBF-20,000414-01,1Fﾐﾅﾐ04C
23291,ランナーチャックＥＸ（着脱爪）　　　　,CHK-EXF-20,000414-01,49A
23292,ランナーチャックＥＸ（近接・爪着脱式）,CHK-EXBF-20-C,000414-01,44D
23293,ランナーチャックＥＸ（近接・着脱爪）　,CHK-EXF-20-C,000414-01,44E
23294,ランナーチャックＥＸ（ＬＳ・爪着脱式）,CHK-EXBF-20-C1,000414-01,1Fﾐﾅﾐ08C
23295,ランナーチャックＥＸ（ＬＳ・着脱爪）　,CHK-EXF-20-C1,000414-01,49A
23336,当板・角型・黒２穴・ミニシリンダー用　,CPL-060,000414-01,03D
23337,当板・角型・白２穴・ミニシリンダー用　,CPL-061,000414-01,02C
23338,吸着アジャスター・ミニ用　　　　　　　,CP-AJM20,000414-01,42D
23339,吸着アジャスター・ミニ用　　　　　　　,CP-AJM40,000414-01,E02B
23340,吸着アジャスター・スモール用　　　　　,CP-AJS20,000414-01,29D
23341,吸着アジャスター・スモール用　　　　　,CP-AJS40,000414-01,31D
23357,当板・角型・黒・マイクロ・引込用　　　,CPUM-10,000414-01,22B
23358,当板・角型・白・マイクロ・引込用　　　,CPUM-11,000414-01,21C
23359,当板・Ｒ型・黒・ミニシリンダー用　　　,CPL-018,000414-01,11D
23360,当板・Ｒ型・白・ミニシリンダー用　　　,CPL-072,000414-01,15B
23361,ＣＦＲＰパイプ　φ１２　　　　　　　　,CFRP12*1.5*1500,000414-01,80(ﾐﾅﾐ)
23362,ＣＦＲＰパイプ　φ２０　　　　　　　　,CFRP20*1.5*1500,000414-01,80(ﾐﾅﾐ)
23400,ランナーチャック（センサー付）　　　　,CHK1-CM22II-L-XMR-2,000414-01,02C
23402,ランナーチャック（センサー付）　　　　,CHK-RN24-XMR-3,000414-01,E03A
23439,ランナーチャック　バッファユニット　　,CHK-BU,000414-01,1Fﾐﾅﾐ04E
23440,ランナーチャックＥＭＲ（センサー無）　,CHK-EMR-12,000414-01,34B
23443,爪先キャップ　　　　　　　　　　　　　,CHK-EMR-CPE,000414-01,KUNIMORI2A
23445,超硬ハイプラニッパ　　　　　　　　　　,CT160F-150,000414-01,50E
23446,チューブカッタ　　　　　　　　　　　　,CX5,000414-01,43D
23456,ランナーチャックＥＳ（リミットＳＷ付）,CHK-ES-08-C1,000414-01,1Fﾐﾅﾐ01D
23457,ランナーチャックＥＭ（リミットＳＷ付）,CHK-EM-12-C1,000414-01,1Fﾐﾅﾐ01D
23458,ランナーチャックＥＬ（リミットＳＷ付）,CHK-EL-12-C1,000414-01,E03E
23459,ランナーチャックＥＸ（リミットＳＷ付）,CHK-EX-20-C1,000414-01,49D
23463,アインツキャラバンカー・フライヤー　　,(E) CARAVAN CAR,000414-01,3Fｶﾀﾛｸﾞ
23492,アインツ総合カタログＶＯＬ７　和文　　,(E) CATALOGUE  VOL.7 JP,000414-01,4Fｶﾀﾛｸﾞ(J)
23510,当板・狭小・黒２穴・ミニシリンダー用　,CPLN-060,000414-01,NEW-EINS
23511,当板・狭小・白２穴・ミニシリンダー用　,CPLN-061,000414-01,NEW-EINS
23519,アインツ総合カタログ　ＶＯＬ７（英文）,(E) CATALOGUE  VOL.7 EN,000414-01,4Fｶﾀﾛｸﾞ(E)
23522,アインツ総合カタログＶＯＬ．７（中文）,(E) CATALOGUE  VOL.7 CN,000414-01,4Fｶﾀﾛｸﾞ(C)
23523,鉄製当て板　　　　　　　　　　　　　　,CPUM-01F,000414-01,NEW-EINS
30282,オートスイッチ・有接点　　　　　　　　,D-A93,000414-01,04C
30317,マイクロスイッチ・ＫＲＣ／ＫＲＣＷ用　,"D2JW-011-MD (0.1A,30VDC)",000414-01,12D
30425,オートスイッチ・無接点　　　　　　　　,D-M9N,000414-01,27D
30471,オートスイッチ　　　　　　　　　　　　,D-97-XMR,000414-01,48D
30500,オートスイッチ・無接点　　　　　　　　,D-F8N,000414-01,43D
30520,ナットドライバー（対辺４．５）　　　　,D-86-4.5,000414-01,48B
30521,ナットドライバー（対辺７）　　　　　　,D-86-7,000414-01,48B
30528,ダクトプラニッパ　　　　　　　　　　　,DK65-250,000414-01,50E
30529,ＤＩＮレールアールカットニッパ　　　　,DRN4,000414-01,1Fﾐﾅﾐ02A
30530,モールカッタ　　　　　　　　　　　　　,DX80-255,000414-01,1Fﾐﾅﾐ01B
41050,替刃・正刃・ミニエアーニッパー用　　　,EG-NW10,000414-01,14B
41051,替刃・薄刃・ミニエアーニッパー用　　　,EG-NW101,000414-01,29B
41064,替刃・長刃・正刃・ミニエアーニッパー用,EG-NW20-V001S,000414-01,15D
41065,替刃・長刃・正刃・ミニエアーニッパー用,EG-NW35-V001S,000414-01,13B
41066,替刃・クイキリ刃・ミニエアーニッパー用,EG-NW20-01C,000414-01,10D
41067,替刃・クイキリ刃・ミニエアーニッパー用,EG-NW35-01C,000414-01,06B
41310,替刃・長刃・逆刃・ミニエアーニッパー用,EG-NW35R-V001S,000414-01,24D
41361,替刃・長刃・逆刃・ミニエアーニッパー用,EG-NW20R-V001S,000414-01,29D
41412,光電センサー　　　　　　　　　　　　　,E3T-SL21R(NPN),000414-01,12D
41413,光ファイバー・透過φ３　　　　　　　　,E32-T12R,000414-01,50C
41414,光ファイバー・反射φ３　　　　　　　　,E32-D12R,000414-01,KUNIMORI-A
41415,光エリアセンサー　　　　　　　　　　　,E32-T16PR,000414-01,1Fﾐﾅﾐ08E
41417,近接スイッチ　　　　　　　　　　　　　,E2S-W13 (NPN),000414-01,27D
41640,近接スイッチ　　　　　　　　　　　　　,E2S-W15 (PNP),000414-01,43D
41645,チャックスペーサー・樹脂製・チャック用,ECP-031,000414-01,03D
41646,チャックスペーサー・樹脂製・マイクロ用,ECPUM-03,000414-01,07B
41647,チャックスペーサー樹脂製ミニシリンダー,ECP-011,000414-01,08B
41648,マルチエジェクター　　　　　　　　　　,ESVM-08-S-3,000414-01,42E
41649,光電センサー　　　　　　　　　　　　　,E3T-SL23R(PNP),000414-01,44E
41677,基礎フレーム・レッツジョイント用　　　,EFCK-5500,000414-01,66(4F)C
41680,基礎フレーム・レッツジョイント用　　　,EFCK-5600,000414-01,66(4F)A
41681,基礎フレーム・レッツジョイント用　　　,EFCK-5601,000414-01,KUNIMORI2D
41682,基礎フレーム・レッツジョイント用　　　,EFCK-5602,000414-01,1Fﾐﾅﾐ02F
41683,基礎フレーム・レッツジョイント用　　　,EFCK-7000,000414-01,66(4F)D
41685,基礎フレーム・レッツジョイント用　　　,EFCK-7002,000414-01,66(4F)B
41697,アンプ取付金具　　　　　　　　　　　　,E39-L143,000414-01,1Fﾐﾅﾐ05C
41758,替刃・逆刃・ミニエアーニッパー用　　　,EG-NW10R,000414-01,22B
41770,ＰＣＩＯ用マークチューブ　　　　　　　,E-PCIO-MKT SET,000414-01,49F
41773,近接ＳＷ・ランナーチャック確認用　　　,E2S-W13-R-S,000414-01,KUNIMORI-F
41836,インライン円筒マルチエジェクター　　　,ESVMR1-10-3,000414-01,30D
41851,替刃・正刃・ミニエアーニッパー用　　　,EG1-NW35,000414-01,01D
41852,替刃・逆刃・ミニエアーニッパー用　　　,EG1-NW35R,000414-01,09C
41853,替刃・正刃・刃開き調整式　　　　　　　,EG1-NW35-AST,000414-01,34C
41854,替刃・逆刃・刃開き調整式　　　　　　　,EG1-NW35R-AST,000414-01,30D
41860,マルチエジェクター　　　　　　　　　　,ESVMR-A,000414-01,27C
41861,オプションパーツ　Ａ　　　　　　　　　,ESVMR-A-A,000414-01,44B
41866,替刃・超硬刃・正刃ミニエアーニッパー用,EG1-NW35(ﾁｮｳｺｳﾊﾞ),000414-01,30C
41867,替刃・超硬刃・逆刃ミニエアーニッパー用,EG1-NW35R(ﾁｮｳｺｳﾊﾞ),000414-01,27C
41869,替刃・正刃・エアーニッパー用（組付無）,EG1-NW35-KN,000414-01,KUNIMORI2B
41870,替刃・逆刃・エアーニッパー用（組付無）,EG1-NW35R-KN,000414-01,KUNIMORI-B
41871,替刃・正刃・ミニエアーニッパー用　　　,EG1-NW20,000414-01,04C
41872,替刃・薄刃・ミニエアーニッパー用　　　,EG1-NW201,000414-01,16B
41873,替刃・正刃・刃開き調整式　　　　　　　,EG1-NW20-AST,000414-01,34B
41875,替刃・正刃・エアーニッパー用（組付無）,EG1-NW20-KN,000414-01,E01D
41876,替刃・超硬刃・正刃ミニエアーニッパー用,EG1-NW20(ﾁｮｳｺｳﾊﾞ),000414-01,41D
41916,替刃・逆刃・ミニエアーニッパー用　　　,EG1-NW20R,000414-01,20B
41922,替刃・逆刃・エアーニッパー用（組付無）,EG1-NW20R-KN,000414-01,KUNIMORI2A
41923,替刃・超硬刃・逆刃ミニエアーニッパー用,EG1-NW20R(ﾁｮｳｺｳﾊﾞ),000414-01,18D
41924,替刃・逆刃・刃開き調整式　　　　　　　,EG1-NW20R-AST,000414-01,38C
41954,光アンプ　　　　　　　　　　　　　　　,E3X-HD11 2M,000414-01,E02A
42010,基礎フレーム・ジャングルジム用　　　　,EFCK-0000B,000414-01,10C
42011,基礎フレーム・ジャングルジム用　　　　,EFCK-0001B,000414-01,20B
42012,基礎フレーム・ジャングルジム用　　　　,EFCK-0002B,000414-01,E01E
42013,基礎フレーム・ジャングルジム用　　　　,EFCK-0003B,000414-01,66(4F)A
42014,基礎フレーム・ジャングルジム用　　　　,EFCK-0004B,000414-01,48D
42015,基礎フレーム・ジャングルジム用　　　　,EFCK-0005B,000414-01,48E
42016,基礎フレーム・ジャングルジム用　　　　,EFCK-1000B,000414-01,30B
42017,基礎フレーム・ジャングルジム用　　　　,EFCK-1001B,000414-01,E01C
42018,基礎フレーム・ジャングルジム用　　　　,EFCK-1002B,000414-01,37B
42019,基礎フレーム・ジャングルジム用　　　　,EFCK-2000B,000414-01,66(4F)B
42020,基礎フレーム・ジャングルジム用　　　　,EFCK-2001B,000414-01,26B
42021,基礎フレーム・ジャングルジム用　　　　,EFCK-2002B,000414-01,66(4F)A
42034,エアーエジェクター　　　　　　　　　　,ECV-10HS,000414-01,25B
42035,エアーエジェクター・真空スイッチ付　　,ECV-10HSCK,000414-01,22D
42036,小型フィルター　　　　　　　　　　　　,EVFL-44,000414-01,KUNIMORI-A
42037,小型フィルター　　　　　　　　　　　　,EVFL-66,000414-01,08B
42038,バキュームパッド・シリコン　　　　　　,EPJG-6-S,000414-01,12C
42039,バキュームパッド・シリコン　　　　　　,EPJG-8-S,000414-01,19A
42040,バキュームパッド・シリコン　　　　　　,EPJG-10-S,000414-01,20C
42041,バキュームパッド・シリコン　　　　　　,EPJG-15-S,000414-01,12D
42042,吸着パッド・ジャバラ・フッ素・黒　　　,EPCG-15-F,000414-01,38D
42043,吸着パッド・ジャバラ・フッ素・黒　　　,EPCG-20-F,000414-01,38D
42044,吸着パッド・ジャバラ・フッ素・黒　　　,EPCG-30-F,000414-01,37C
42045,吸着パッド・ジャバラ・フッ素・黒　　　,EPCG-40-F,000414-01,29A
42058,ハンディチェッカ　　　　　　　　　　　,E39-VA,000414-01,E03B
42059,チャック組付けスタンド　　　　　　　　,EINS JIG TYPE C-01,000414-01,70(4F)D
42060,取付ピッチ固定プレート　　　　　　　　,EINS JIG TYPE J-01,000414-01,1Fﾐﾅﾐ08C
42068,バキュームパッド・シリコン　　　　　　,EPJG-20-S,000414-01,E01C
42069,バキュームパッド・シリコン　　　　　　,EPJG-25-S,000414-01,KUNIMORI-E
42070,バキュームパッド・シリコン　　　　　　,EPJG-30-S,000414-01,KUNIMORI2A
42071,吸着パッド・多段ジャバラ・シリコン　　,EPLG-30-S5,000414-01,1Fﾐﾅﾐ04C
42072,吸着パッド・多段ジャバラ・シリコン　　,EPLG-40-S5,000414-01,29A
42073,吸着パッド・多段ジャバラ・シリコン　　,EPLG-50-S5,000414-01,27C
42074,吸着パッド・星形パウチ・ジャバラ　　　,EPMG-24L-S4,000414-01,1Fﾐﾅﾐ01C
42075,吸着パッド・星形パウチ・ジャバラ　　　,EPMG-40L-S4,000414-01,45C
42093,光アンプ　　　　　　　　　　　　　　　,E3NX-MA11,000414-01,1Fﾐﾅﾐ06C
42095,バキュームパッド・シリコン　　　　　　,EPJG-2-S,000414-01,E01B
42096,バキュームパッド・シリコン　　　　　　,EPJG-4-S,000414-01,32C
42097,バキュームパッド・マークレス　　　　　,EPJG-2-F-RA,000414-01,44A
42098,バキュームパッド・マークレス　　　　　,EPJG-4-F-RA,000414-01,43C
42099,バキュームパッド・マークレス　　　　　,EPJG-6-F-RA,000414-01,42A
42100,バキュームパッド・マークレス　　　　　,EPJG-8-F-RA,000414-01,45E
42101,吸着パッド・ジャバラ・シリコン　　　　,EPCG-3-S,000414-01,27D
42102,吸着パッド・多段ジャバラ・シリコン　　,EPLG-15-S5,000414-01,43D
42103,吸着パッド・多段ジャバラ・シリコン　　,EPLG-20-S5,000414-01,1Fﾐﾅﾐ08D
42104,吸着パッド・パウチ・２段ジャバラ　　　,EPNG-132B-S4,000414-01,42B
42105,吸着パッド・パウチ・２段ジャバラ　　　,EPNG-133B-S4,000414-01,46E
42106,吸着パッド・パウチ・２段ジャバラ　　　,EPNG-134B-S4,000414-01,42C
42107,吸着パッド・星形パウチ・ジャバラ　　　,EPMG-56L-S4,000414-01,45E
42108,吸着パッド・星形パウチ・平形・シリコン,EPMG-24S-S4,000414-01,1Fﾐﾅﾐ05E
42109,吸着パッド・星形パウチ・平形・シリコン,EPMG-40S-S4,000414-01,46E
42110,吸着パッド・星形パウチ・平形・シリコン,EPMG-56S-S4,000414-01,46E
42111,外金具アタッチヘッド・２Ａ・Ｍ５　　　,ETN-PS-2A-M5,000414-01,29A
42112,外金具アタッチヘッド・１０・Ｍ５　　　,ETN-PS-10-M5,000414-01,E01E
42113,薄型非接触パッド　　　　　　　　　　　,ECOPS-40-Y,000414-01,1Fﾐﾅﾐ03A
42114,薄型非接触パッド　　　　　　　　　　　,ECOPS-60-Y,000414-01,1Fﾐﾅﾐ02A
42115,薄型非接触パッド　　　　　　　　　　　,ECOPS-80-Y,000414-01,45E
42116,エアーエジェクター　　　　　　　　　　,ESVP10-A,000414-01,32D
42117,吸着パッドユニット　　　　　　　　　　,ESVP-A-PA,000414-01,48F
42118,吸着パッドユニット　　　　　　　　　　,ESVP-A-SA,000414-01,KUNIMORI2B
42119,フィルター　　　　　　　　　　　　　　,ESVP-FILT,000414-01,KUNIMORI2B
42122,ＥＩＮＳ４つのポイント・フライヤー　　,(E) EINS 4POINTS,000414-01,3Fｶﾀﾛｸﾞ(J)
42123,アインツショップ　会員募集・フライヤー,(E) EINS SHOP,000414-01,3Fｶﾀﾛｸﾞ(J)
42124,アインツ工房・フライヤー　　　　　　　,(E) EINS WORKSHOP,000414-01,3Fｶﾀﾛｸﾞ(J)
42125,ＥＩＮＳチャック（英文）・フライヤー　,(E) EINS CHUCK EN,000414-01,3Fｶﾀﾛｸﾞ(E)
42128,ＷＥＢカタログ案内・フライヤー　　　　,(E) WEB CATALOGUE GUIDE,000414-01,3Fｶﾀﾛｸﾞ
42129,エアーエジェクター　　　　　　　　　　,ESVP10-A-20,000414-01,41E
42130,ブラケットジョイントφ１２　　　　　　,ESVP10-BKTJT12,000414-01,44D
42131,ブラケットジョイントφ２０　　　　　　,ESVP10-BKTJT20,000414-01,42B
42132,シールリング　　　　　　　　　　　　　,ESVP10-SEAL,000414-01,43B
42133,ノズルユニット　　　　　　　　　　　　,ESVP10-NOZL-UT,000414-01,43A
42134,替刃・正刃・ミニエアーニッパー用　　　,EG1-NW50,000414-01,22C
42135,替刃・逆刃・ミニエアーニッパー用　　　,EG1-NW50R,000414-01,19C
42144,替刃・正刃・超硬刃開き用（組付無）　　,EG1-NW20-KN(BAST),000414-01,E01A
42145,替刃・逆刃・超硬刃開き用（組付無）　　,EG1-NW20R-KN(BAST),000414-01,1Fﾐﾅﾐ06C
42146,替刃・正刃・超硬刃開き用（組付無）　　,EG1-NW35-KN(BAST),000414-01,43F
42147,替刃・逆刃・超硬刃開き用（組付無）　　,EG1-NW35R-KN(BAST),000414-01,1Fﾐﾅﾐ06D
42148,替刃・超硬刃・正刃・刃開き調整付　　　,EG1-NW20-CARBIDE-AST,000414-01,28B
42149,替刃・超硬刃・逆刃・刃開き調整付　　　,EG1-NW20R-CARBIDE-AST,000414-01,10C
42150,替刃・超硬刃・正刃・刃開き調整付　　　,EG1-NW35-CARBIDE-AST,000414-01,E01D
42151,替刃・超硬刃・逆刃・刃開き調整付　　　,EG1-NW35R-CARBIDE-AST,000414-01,E02B
42199,開閉確認センサ　　　　　　　　　　　　,ET3,000414-01,80(ﾐﾅﾐ)C
42200,開閉確認センサ　　　　　　　　　　　　,ET3L,000414-01,80(ﾐﾅﾐ)C
42215,プレス搬送用ロボット・フライヤー　　　,(E) EINS FOR PRESS LOADER,000414-01,3Fｶﾀﾛｸﾞ
50033,締付板・ミニシリンダー用　　　　　　　,CP-009,000414-01,01B
50034,締付板・Ｈ型シリンダー用（Ｍ３）　　　,CP-010(L23740-000-0),000414-01,19B
50794,自在チャックスライドホルダー（ミニ）　,FCK-1006,000414-01,49B
54287,自在チャック取付ベース　　　　　　　　,FCK1-0001,000414-01,19C
54288,自在チャックスライドホルダー　　　　　,FCK1-0002S,000414-01,19D
54289,自在チャック縦バー（Ｌ）　　　　　　　,FCK1-0003L,000414-01,13C
54290,自在チャック縦バー（Ｌ）４００Ｌ　　　,FCK1-0003L-400,000414-01,31C
54291,自在チャックスライドホルダーＨ　　　　,FCKH-0007,000414-01,29D
54292,自在チャック締付ボルトＨ　　　　　　　,FCKH-0005L,000414-01,29D
54313,替刃・正刃・エアーニッパー（組付用）　,FN-EG-NW10,000414-01,29A
54314,替刃・薄刃・エアーニッパー（組付用）　,FN-EG-NW101,000414-01,39C
54315,替刃・正刃・エアーニッパー（組付用）　,FN-EG1-NW20,000414-01,27D
54316,替刃・逆刃・エアーニッパー（組付用）　,FN-EG-NW10R,000414-01,28D
54317,替刃・正刃・エアーニッパー（組付用）　,FN-EG1-NW35,000414-01,26C
54318,替刃・逆刃・エアーニッパー（組付用）　,FN-EG1-NW35R,000414-01,25B
54319,替刃・薄刃・エアーニッパー（組付用）　,FN-EG1-NW201,000414-01,39A
54320,替刃・逆刃・エアーニッパー（組付用）　,FN-EG1-NW20R,000414-01,02D
54321,自在チャックスライドホルダー（ミニ）　,FCK1-1002,000414-01,25C
54322,自在チャック縦バー（ミニ）　　　　　　,FCK1-1003,000414-01,39A
54323,自在チャックスライドホルダー（ミニ）　,FCK1-1006,000414-01,1Fﾐﾅﾐ03C
54325,自在チャックスライドベース　　　　　　,FCK2-0004,000414-01,39C
54326,自在チャック締付ボルト　　　　　　　　,FCK1-0005,000414-01,16D
54340,自在チャック取付ベース（ミニ）　　　　,FCK1-1001,000414-01,40C
54344,フローティングパラレルコネクターφ１２,F-PARA-12,000414-01,32C
54345,フローティングパラレルコネクターφ２０,F-PARA-20,000414-01,43B
54346,フローティングクロスコネクターφ１２　,F-CROSS-12,000414-01,40A
54347,フローティングクロスコネクターφ２０　,F-CROSS-20,000414-01,E03B
54350,セラミックヒーターはんだこて　　　　　,FX600-02,000414-01,48C
54351,こて台（スポンジ付き）　　　　　　　　,FH300-81,000414-01,45C
54352,へクスゾール鉛フリーはんだ　　　　　　,FS600-3,000414-01,49A
54366,替刃・正刃・エアーニッパー（組付用）　,FN-EG1-NW50,000414-01,25C
54367,替刃・逆刃・エアーニッパー（組付用）　,FN-EG1-NW50R,000414-01,38D
54374,フレキシブルジョイント　　　　　　　　,FLEX-M5,000414-01,NEW-EINS
54375,自在チャック　４００Ｌ（門型）　　　　,FCK1-0000 (400L TYPE),000414-01,NEW-EINS
54377,ブレード固定用カラー（ＮＷ１ー５０用）,FIXING COLLAR(NW1-50-M4),000414-01,KUNIMORI2C
54382,自在チャック（門型）　　　　　　　　　,FCK2-0000,000414-01,20E
54383,自在チャック（Ｈ型）　　　　　　　　　,FCKH1-0000,000414-01,20E
54384,自在チャック（ミニ）　　　　　　　　　,FCK2-1000,000414-01,25B
54385,自在チャック　４００Ｌ（門型）　　　　,FCK2-0000 (400L TYPE),000414-01,44C
60083,エアーニッパー・丸型・刃無　　　　　　,GT-NR10L,000414-01,43B
60084,エアーニッパー・丸型・刃無　　　　　　,GT-NR20,000414-01,16C
60085,エアーニッパー・丸型・刃無　　　　　　,GT-NR30,000414-01,23D
60207,エアーニッパー・スライドタテ型・刃無　,GT-NT03,000414-01,47B
60208,エアーニッパー・スライドタテ型・刃無　,GT-NT05,000414-01,44E
60209,エアーニッパー・スライドタテ型・刃無　,GT-NT10,000414-01,49C
60225,エアーニッパー・スライドタテ型・刃無　,GT-NT05R,000414-01,47A
60226,エアーニッパー・スライドタテ型・刃無　,GT-NT10R,000414-01,47A
60227,エアーニッパー・スライドタテ型・刃無　,GT-NT20,000414-01,KUNIMORI2B
60228,エアーニッパー・スライドタテ型・刃無　,GT-NT20R,000414-01,1Fﾐﾅﾐ06A
60240,エアーニッパー・角型・刃無　　　　　　,GT-NS10L,000414-01,1Fﾐﾅﾐ02D
60241,エアーニッパー・角型・刃無　　　　　　,GT-NS20,000414-01,13D
60242,エアーニッパー・角型・刃無　　　　　　,GT-NS30,000414-01,20D
60321,タイミングコントローラー　　　　　　　,GT-TC-02,000414-01,16D
60336,エアーニッパー　　　　　　　　　　　　,GT-NY25,000414-01,48E
60353,ヒートニッパー・スライドタテ型・刃付　,GT-NTH05,000414-01,43C
60354,ヒートニッパー・スライドタテ型・刃付　,GT-NTH10,000414-01,47C
60477,エアーニッパー・スライドＢＫＴ型・刃無,GT-NB20LW-10TM,000414-01,39C
60478,エアーニッパー・スライドＢＫＴ型・刃無,GT-NB30LW-10TM,000414-01,E01C
60496,コンテナシリンダー・複動型・ガイド付　,GCYL20*20,000414-01,1Fﾐﾅﾐ05B
60497,コンテナシリンダー・複動型・ガイド付　,GCYL20*40,000414-01,1Fﾐﾅﾐ04F
60498,コンテナシリンダー・複動型・ガイド付　,GCYL20*50,000414-01,39A
60499,コンテナシリンダー・複動型・ガイド付　,GCYL20*75,000414-01,43D
60500,コンテナシリンダー・複動型・ガイド付　,GCYL20*100,000414-01,1Fﾐﾅﾐ07E
60501,コンテナシリンダー・複動型・ガイド付　,GCYL20*150,000414-01,1Fﾐﾅﾐ02E
61138,ラチェット式チューブカッター用替刃　　,GFC-15NT,000414-01,42A
61139,電ドラ用片頭ヘックス剛彩ビット５本組　,GS5P-31,000414-01,38A
61296,変換プラグ　　　　　　　　　　　　　　,G3/8-RC1/8,000414-01,NEW-EINS
70986,薄形平行ハンド・２０ＳＴ　　　　　　　,HLA-15AS,000414-01,1Fﾐﾅﾐ04F
71996,薄形平行ハンド・１５ＳＴ　　　　　　　,HLA-12AS,000414-01,1Fﾐﾅﾐ01F
71997,薄形平行ハンド・２５ＳＴ　　　　　　　,HLA-20AS,000414-01,1Fﾐﾅﾐ04A
71999,薄形平行ハンド・１５ＳＴ・ゴムカバー付,HLAG-12AS,000414-01,1Fﾐﾅﾐ01E
72000,薄形平行ハンド・２０ＳＴ・ゴムカバー付,HLAG-15AS,000414-01,47B
72170,平行チャック・複動・１０ＳＴ　　　　　,HC-10,000414-01,30D
72171,平行チャック・単動・１０ＳＴ　　　　　,HC-10S,000414-01,07D
72172,平行チャック・単動・５ＳＴ　　　　　　,HC-5S,000414-01,17B
72600,自動交換用ハンガー　　　　　　　　　　,HSL,000414-01,48A
72601,自動交換用ハンガー　　　　　　　　　　,HSAL,000414-01,48E
72602,自動交換用ハンガー　　　　　　　　　　,HLAL,000414-01,1Fﾐﾅﾐ05B
72702,平行チャック・単動・５ＳＴ　　　　　　,HC1-5S-C1,000414-01,26C
72703,平行チャック・単動・１０ＳＴ　　　　　,HC1-10S-C1,000414-01,06B
72704,平行チャック・単動・２０ＳＴ　　　　　,HC1-20S-C1,000414-01,20D
72705,平行チャック・複動・１０ＳＴ　　　　　,HC1-10-C1,000414-01,32C
72706,平行チャック・複動・２０ＳＴ　　　　　,HC1-20-C1,000414-01,33C
72708,リミットスイッチＡＳＳ’Ｙ　　　　　　,HC1-SW1,000414-01,30D
72709,リミットスイッチＡＳＳ’Ｙ　　　　　　,HC1-SW2,000414-01,1Fﾐﾅﾐ04B
72732,ネオチャックハンガー・固定側　　　　　,HNE-48,000414-01,45D
72733,ネオチャックハンガー・固定側　　　　　,HNE-S,000414-01,48F
72746,シリコン・スポンジリング（茶色）　　　,40C-SP,000414-01,1Fﾐﾅﾐ01C
72811,ネオチャックハンガー・固定側　　　　　,HNE-SL,000414-01,46B
72955,ホットボンド（ガン）　　　　　　　　　,HB-80,000414-01,1Fﾐﾅﾐ01E
72956,ホットボンド　　　　　　　　　　　　　,HB-100S,000414-01,50C
73267,ミニエアニッパー（ＢＯＤＹ　ＡＳＳＹ）,HNW-10-KN,000414-01,NEW-EINS
73268,ミニエアニッパー（ＢＯＤＹ　ＡＳＳＹ）,HNW-10R-KN,000414-01,NEW-EINS
73269,ミニエアニッパー（ＢＯＤＹ　ＡＳＳＹ）,HNW-20-KN,000414-01,NEW-EINS
73270,ミニエアニッパー（ＢＯＤＹ　ＡＳＳＹ）,HNW-20R-KN,000414-01,NEW-EINS
73271,ミニエアニッパー（ＢＯＤＹ　ＡＳＳＹ）,HNW-35-KN,000414-01,NEW-EINS
73272,ミニエアニッパー（ＢＯＤＹ　ＡＳＳＹ）,HNW-35R-KN,000414-01,NEW-EINS
73301,ミニエアニッパー・本体・正刃付　　　　,HNW-10,000414-01,34E
73302,ミニエアニッパー・本体・薄刃付　　　　,HNW-101,000414-01,39D
73303,ミニエアニッパー・本体・逆刃付　　　　,HNW-10R,000414-01,1Fﾐﾅﾐ01F
73304,ミニエアニッパー・本体・正刃付　　　　,HNW-20,000414-01,34B
73305,ミニエアニッパー・本体・薄刃付　　　　,HNW-201,000414-01,33B
73306,ミニエアニッパー・本体・長刃付　　　　,HNW-20-V001S,000414-01,E01A
73307,ミニエアニッパー・本体・クイキリ刃付　,HNW-20-01C,000414-01,15D
73308,ミニエアニッパー・本体・逆刃付　　　　,HNW-20R,000414-01,37B
73309,ミニエアニッパー・本体・逆長刃付　　　,HNW-20R-V001S,000414-01,E01A
73310,ミニエアニッパー・本体・正刃付　　　　,HNW-35,000414-01,35D
73311,ミニエアニッパー・本体・長刃付　　　　,HNW-35-V001S,000414-01,33D
73312,ミニエアニッパー・本体・クイキリ刃付　,HNW-35-01C,000414-01,30C
73313,ミニエアニッパー・本体・逆刃付　　　　,HNW-35R,000414-01,24D
73314,ミニエアニッパー・本体・逆長刃付　　　,HNW-35R-V001S,000414-01,27B
73318,平行チャック・複動・２０ＳＴ　　　　　,HC-20,000414-01,46C
73319,平行チャック・単動・２０ＳＴ　　　　　,HC-20S,000414-01,06C
73320,ヒートニッパ（センサー付）　　　　　　,HT180DX,000414-01,50E
73334,リミットスイッチ　　　　　　　　　　　,HL-5300,000414-01,44C
73355,ミニエアニッパー・本体・正刃付　　　　,HNW1-50,000414-01,E01B
73356,ミニエアニッパー・本体・逆刃付　　　　,HNW1-50R,000414-01,09B
73359,ミニエアニッパー（ＢＯＤＹ　ＡＳＳＹ）,HNW1-50-KN,000414-01,NEW-EINS
73360,ミニエアニッパー（ＢＯＤＹ　ＡＳＳＹ）,HNW1-50R-KN,000414-01,NEW-EINS
73361,鉛フリーハンダ　　　　　　　　　　　　,HS-304,000414-01,1Fﾐﾅﾐ01F
73389,平行チャック・単動・５ＳＴ　　　　　　,HC2-5S,000414-01,NEW-EINS
73390,平行チャック・単動・５ＳＴ　　　　　　,HC2-5S-C1,000414-01,NEW-EINS
73391,平行チャック・複動・１０ＳＴ　　　　　,HC2-10,000414-01,NEW-EINS
73392,平行チャック・単動・１０ＳＴ　　　　　,HC2-10S,000414-01,07D
73393,平行チャック・複動・１０ＳＴ　　　　　,HC2-10-C1,000414-01,NEW-EINS
73394,平行チャック・単動・１０ＳＴ　　　　　,HC2-10S-C1,000414-01,06B
73395,平行チャック・複動・２０ＳＴ　　　　　,HC2-20,000414-01,NEW-EINS
73396,平行チャック・単動・２０ＳＴ　　　　　,HC2-20S,000414-01,NEW-EINS
73397,平行チャック・複動・２０ＳＴ　　　　　,HC2-20-C1,000414-01,NEW-EINS
73398,平行チャック・単動・２０ＳＴ　　　　　,HC2-20S-C1,000414-01,07C
80686,精密レギュレータ　　　　　　　　　　　,IR3021-04BG-R-A-X1089,000414-01,04B
90140,トンネルゲートランナーチャック　　　　,J25411-100-0,000414-01,26B
90141,トンネルゲートランナーチャック　　　　,J25411-000-0,000414-01,28C
90155,吸着モジュール・ジャングルジム用　　　,JSM-001,000414-01,43E
90158,吸着モジュール・ジャングルジム用　　　,JSM-004,000414-01,KUNIMORI-A
90162,吸着モジュール・ジャングルジム用　　　,JSM-008,000414-01,47E
90204,パイプ複合チャックＥ・φ１２・９０度　,J25410-40A,000414-01,33B
90262,パイプ複合チャック・グリップ・φ１２　,J25410G-40,000414-01,24B
90263,パイプ複合チャック・グリップ・φ２０　,J25410G-30,000414-01,E02B
90264,パイプ複合チャックＤ・φ２０・９０度　,J25410-30B,000414-01,25D
90268,アインツ・ジャングルジム・フライヤー　,(E) JUNGLE GYM,000414-01,3Fｶﾀﾛｸﾞ(J)
100817,ハーフユニオン　　　　　　　　　　　　,KCH04-M5,000414-01,39C
100818,ハーフユニオン　　　　　　　　　　　　,KCH06-M5,000414-01,03D
101206,パイプカッター・本体・刃付　　　　　　,K-203,000414-01,05C
101207,替刃・パイプカッター用　　　　　　　　,K-203-1,000414-01,35A
101462,継手・エルボユニオン　　　　　　　　　,KQ2L04-M5N,000414-01,21B
101463,継手・エルボユニオン　　　　　　　　　,KQ2L06-01NS,000414-01,02D
101464,継手・エルボユニオン　　　　　　　　　,KQ2L06-M5N,000414-01,08C
101465,継手・ユニオンワイ　　　　　　　　　　,KQ2U06-00A,000414-01,05B
101466,継手・ハーフユニオン・六角穴付　　　　,KQ2S06-M5N,000414-01,04C
101467,継手・ハーフユニオン・六角穴付　　　　,KQ2S04-M5N,000414-01,16D
101468,継手・ハーフユニオン・六角穴付　　　　,KQ2S06-01NS,000414-01,10B
101469,継手・ストレート　　　　　　　　　　　,KQ2H04-00A,000414-01,12D
101470,継手・ストレート　　　　　　　　　　　,KQ2H06-00A,000414-01,22C
101471,継手・異径ストレート　　　　　　　　　,KQ2H04-06A,000414-01,21B
101472,継手・ユニオンワイ　　　　　　　　　　,KQ2U04-00A,000414-01,01D
101473,継手・異径ユニオンワイ　　　　　　　　,KQ2U04-06A,000414-01,21C
101596,ワンタッチ管継手（両口チーズユニオン）,KQ2T04-00A,000414-01,28B
101597,ワンタッチ管継手（両口チーズユニオン）,KQ2T06-00A,000414-01,28B
101710,継手・エルボユニオン　　　　　　　　　,KQ2L04-01NS,000414-01,35A
101746,六角穴付ハーフユニオン　　　　　　　　,KQ2S04-01NS,000414-01,26B
101749,継手・ハーフユニオン・六角穴付　　　　,KQ2S04-M3G,000414-01,35C
101832,当板・角型・黒ＳＷ付・ミニシリンダー用,KRCR-5000,000414-01,17C
101833,当板・角型・白ＳＷ付・ミニシリンダー用,KRCWR-5000,000414-01,20B
101834,当板・角型・鉄ＳＷ付・ミニシリンダー用,KFCR-5000,000414-01,26C
101835,当板・角型・ＳＷ付・ミニシリンダー用　,KPCR-5000,000414-01,40C
101836,ＳＷ付当板・黒交換プレート　　　　　　,KPB-5000,000414-01,1Fﾐﾅﾐ01D
101837,ＳＷ付当板・白交換プレート　　　　　　,KPW-5000,000414-01,1Fﾐﾅﾐ01E
101838,ＳＷ付当板・鉄交換プレート　　　　　　,KPF-5000,000414-01,1Fﾐﾅﾐ05C
101839,ＳＷ付当板・交換プレート　　　　　　　,KP-5000,000414-01,49D
102051,継手・エルボユニオン　　　　　　　　　,KQ2L06-M6A,000414-01,1Fﾐﾅﾐ03C
110550,エアーカプラー　ファイバーワッシャー付,L00999-314,000414-01,49B
110551,パッキン　　　　　　　　　　　　　　　,L00999-313,000414-01,12C
110556,吸着金具・保持機構付５０Ｈ　　　　　　,L10761-200,000414-01,1Fﾐﾅﾐ01F
110558,ワンタッチクリップ・ＮＷ用　　　　　　,L10160-CL,000414-01,18B
110565,吸着金具・保持機構付１００Ｈ　　　　　,L10761-100,000414-01,47F
110567,吸着金具・ヒンジチャック用　　　　　　,L11540-109,000414-01,42D
110568,当板・角型・ＳＷ付・マイクロミニ　　　,L1131-100-0,000414-01,05D
110619,コイルスプリング　　　　　　　　　　　,L00999-316,000414-01,49B
110622,ニッパー取付金具　　　　　　　　　　　,L10160-000-2,000414-01,07C
110623,バーブ継手　　　　　　　　　　　　　　,LX0004-101,000414-01,11D
110649,コイルスプリング　　　　　　　　　　　,L00999-420,000414-01,E02C
110654,当板・角型・白ＳＷ付・マイクロミニ　　,L1131-200-0,000414-01,05D
110655,ＡＲＪ１取付ブラケット　　　　　　　　,LX0109-102,000414-01,13C
110656,ニッパーブラケット・ＧＴ－ＮＲ用　　　,LX0090-100(L.R),000414-01,05D
110663,ＥＳＶＭＲ用サイレンサー　　　　　　　,L18382-106,000414-01,E03C
110686,バーブ継手　　　　　　　　　　　　　　,LX0120-202,000414-01,48A
110687,パッキン（ツール側）　　　　　　　　　,LX0120-203,000414-01,1Fﾐﾅﾐ07D
110688,クランプ・ヒンジチャック用　　　　　　,L11540-000B,000414-01,1Fﾐﾅﾐ07B
110722,バーブ継手　　　　　　　　　　　　　　,LX0181-203,000414-01,42E
110739,バーブ継手　　　　　　　　　　　　　　,LX0219-203,000414-01,50B
110740,ブレード固定ワッシャー（ＮＷ１ー５０用,LL-6114-06(NW1-50-M4),000414-01,KUNIMORI2B
120003,ミニシリンダー・Ｈ型　　　　　　　　　,MCY-HS,000414-01,05C
120120,マイクロカプラー　　　　　　　　　　　,MC-05PM,000414-01,08B
120121,マイクロカプラー　　　　　　　　　　　,MC-05SM,000414-01,04D
120170,マイクロカプラー　　　　　　　　　　　,MC-04PH,000414-01,04D
120500,継手・ホースエルボ　　　　　　　　　　,MS-5HLH-4,000414-01,KUNIMORI-A
120543,軟質チューブ用ハーブエルボ　　　　　　,M-3ALU-4,000414-01,13C
120607,継手・ユニバーサルティ　　　　　　　　,M-5UT,000414-01,20B
120692,継手・バーブエルボ・軟質チューブ用　　,M-5ALU-4,000414-01,03C
122034,マニホールド・ミニ用　　　　　　　　　,MM-6P,000414-01,18B
122035,マニホールド・ミニ用　　　　　　　　　,MM-8P,000414-01,07C
122036,マニホールド・ミニ用　　　　　　　　　,MM-10P,000414-01,07C
122037,マニホールド・ミニ用　　　　　　　　　,MM-14P,000414-01,11B
122038,マニホールド・スモール用　　　　　　　,MS-10P,000414-01,29C
122039,マニホールド・スモール用　　　　　　　,MS-12P,000414-01,33B
122040,マニホールド・スモール用　　　　　　　,MS-6P (1/8),000414-01,30B
122049,継手・ホースニップル　　　　　　　　　,MS-5H-6,000414-01,38C
122451,平行チャック　　　　　　　　　　　　　,MHZ2-10SN,000414-01,37C
122831,継手・ホースニップル　　　　　　　　　,MS-5H-4,000414-01,KUNIMORI-E
122832,継手・ホースエルボ　　　　　　　　　　,MS-5HLH-6,000414-01,31A
122889,ガスケット　　　　　　　　　　　　　　,M3-G,000414-01,1Fﾐﾅﾐ01B
122890,ガスケット　　　　　　　　　　　　　　,M4-G,000414-01,E03E
122891,ガスケット　　　　　　　　　　　　　　,M5-G,000414-01,32B
122892,継手・バーブエルボ・軟質チューブ用　　,M-5ALU-6,000414-01,18D
122893,エアーカプラー　　　　　　　　　　　　,MC-04PC,000414-01,08C
122894,エアーカプラー　　　　　　　　　　　　,MC-06PC,000414-01,14C
123105,接続ハーネス・マルチＡＮＤ基板用　　　,MAND-EH02･200MM,000414-01,1Fﾐﾅﾐ07B
123106,接続ハーネス・マルチＡＮＤ基板用　　　,MAND-EH05･500MM,000414-01,48A
123107,接続ハーネス・マルチＡＮＤ基板用　　　,MAND-EH10･1000MM,000414-01,50D
123195,マニホールド・ＢＦ５　樹脂　　　　　　,MP-10P-BF5,000414-01,24C
123196,マニホールド・ＢＦ６　樹脂　　　　　　,MP-10P-BF6,000414-01,21C
123218,マグネットチャック　　　　　　　　　　,MGC-20,000414-01,16B
123219,ミニシリンダー・ＭＣＤ　　　　　　　　,MCD1-10,000414-01,03C
123220,ミニシリンダー・ＭＣＤ　　　　　　　　,MCD1-20,000414-01,01C
123401,平行チャック　　　　　　　　　　　　　,MHZ2-10S,000414-01,04C
123471,継手・ユニバーサルティ　　　　　　　　,M-3UT,000414-01,14D
123504,ミニシリンダー・ＭＣＥ１０ｓｔ（押出）,MCE-10S,000414-01,23B
123505,ミニシリンダー・ＭＣＥ１０ｓｔ（引込）,MCE-10T,000414-01,23B
123506,ミニシリンダー・ＭＣＥ２０ｓｔ（押出）,MCE-20S,000414-01,23B
123507,ミニシリンダー・ＭＣＥ２０ｓｔ（引込）,MCE-20T,000414-01,23B
123508,ミニシリンダー・ＭＣＥ１０ｓｔ（複動）,MCE-10W,000414-01,1Fﾐﾅﾐ01E
123509,ミニシリンダー・ＭＣＥ２０ｓｔ（複動）,MCE-20W,000414-01,33B
123571,マグネットチャック先端ゴム　　　　　　,MGC-C(LX0028-103),000414-01,48B
123691,ミニシリンダー・ＭＣＤＲ　　　　　　　,MCDR-10,000414-01,38C
123692,ミニシリンダー・ＭＣＤＲ　　　　　　　,MCDR-20,000414-01,01C
123699,パイプシリンダー　　　　　　　　　　　,MCP1-1210,000414-01,08C
123700,パイプシリンダー　　　　　　　　　　　,MCP1-1220,000414-01,20C
123701,パイプシリンダー　　　　　　　　　　　,MCP1-2010,000414-01,31B
123702,パイプシリンダー　　　　　　　　　　　,MCP1-2020,000414-01,23C
123703,パイプシリンダー　　　　　　　　　　　,MCP1-2030,000414-01,29B
123711,ヒンジシリンダー　　　　　　　　　　　,MCE-HA,000414-01,19A
123885,ミニチュアプラスチックニッパ　　　　　,M12-125,000414-01,48C
123923,マイクロフィニッシュＴセット　　　　　,MFC2140,000414-01,45C
123924,マイクロフィニッシュＲセット　　　　　,MFC2150,000414-01,45C
123925,マイクロフィニッシュＴ替刃２枚入　　　,MFC2001,000414-01,45C
123926,マイクロフィニッシュＲ替刃２枚入　　　,MFC2002,000414-01,45C
123927,マイクロフィニッシュＴ替刃５枚入　　　,MFC3001,000414-01,45B
123928,マイクロフィニッシュＲ替刃５枚入　　　,MFC3002,000414-01,45B
123929,ミニシリンダー・スリム型　　　　　　　,MCDP-10,000414-01,40C
123930,ミニシリンダー・スリム型　　　　　　　,MCDP-20,000414-01,39C
123931,角度調整ブラケット　　　　　　　　　　,MCDP-AJBKT,000414-01,33D
123940,平ワッシャー（小丸・三価）　　　　　　,M4,000414-01,NEW-EINS
123946,金型ロケータピン　　　　　　　　　　　,MLP-S,000414-01,NEW-EINS
123947,金型ロケータホルダー　　　　　　　　　,MLH-S,000414-01,NEW-EINS
123956,ブレード固定ボルト（ＮＷー１０用）　　,M2.5*6TB2440B,000414-01,KUNIMORI-B
123957,ブレード固定ボルト（ＮＷー２０／３５用,M3*10TB2440B,000414-01,KUNIMORI-B
123958,ブレード固定ボルト（ＮＷ１ー５０用）　,M4*22(ｻﾗﾈｼﾞ),000414-01,KUNIMORI2C
123984,ブラケット・φ２０・ミニシリンダーＨ用,MCY-HS-BKT(A),000414-01,NEW-EINS
123985,ブラケット・φ２０・ミニシリンダーＨ用,MCY-HS-BKT(B),000414-01,NEW-EINS
130162,取付金具・ミニエアーニッパー用　　　　,NC/NW-20ﾖｳ,000414-01,06D
130163,取付金具・ミニエアーニッパー用　　　　,NC/NW-35ﾖｳ,000414-01,06D
130216,取付金具・ミニエアーニッパー用　　　　,NC/NW-10ﾖｳ,000414-01,35D
130218,替刃・ＧＴ－ＮＳ、ＮＲ１０用　　　　　,N10L1S,000414-01,42E
130219,替刃・ＧＴ－ＮＳ、ＮＲ１０用　　　　　,N10L2S,000414-01,E03D
130220,替刃・ＧＴ－ＮＳ、ＮＲ、ＮＢ２０用　　,N201S,000414-01,15C
130221,替刃・ＧＴ－ＮＳ、ＮＲ、ＮＢ２０用　　,N202S,000414-01,49D
130222,替刃・ＧＴ－ＮＳ、ＮＲ、ＮＢ２０用　　,N203S,000414-01,16D
130225,替刃・ＧＴ－ＮＳ、ＮＲ、ＮＢ３０用　　,N301S,000414-01,22D
130229,エアーニッパー・スライドＢＫＴ型・刃無,GT-NB20 5-HIKU,000414-01,1Fﾐﾅﾐ02B
130230,エアーニッパー・スライドＢＫＴ型・刃無,GT-NB20 5-OSHI,000414-01,48E
130231,エアーニッパー・スライドＢＫＴ型・刃無,GT-NB20 10-HIKU,000414-01,1Fﾐﾅﾐ04D
130235,エアーニッパー・スライドＢＫＴ型・刃無,GT-NB30 10-HIKU,000414-01,1Fﾐﾅﾐ06A
130265,替刃・ＧＴ－ＮＳ、ＮＲ、ＮＢ２０用　　,N206S,000414-01,14C
130310,替刃・ＧＴ－ＮＴ０５用　　　　　　　　,NE5AJ,000414-01,1Fﾐﾅﾐ01B
130311,替刃・ＧＴ－ＮＴ１０用　　　　　　　　,NE10AJ,000414-01,1Fﾐﾅﾐ01F
130329,替刃・ＧＴ－ＮＳ、ＮＲ、ＮＢ３０樹脂用,N30AP,000414-01,25B
130403,替刃・ＧＴ－ＮＴ０３用　　　　　　　　,NT03AJ,000414-01,1Fﾐﾅﾐ01F
130404,替刃・ＧＴ－ＮＴ２０用　　　　　　　　,NT20AJ,000414-01,KUNIMORI2D
130650,エアーニッパー替刃　　　　　　　　　　,NT20AJL,000414-01,1Fﾐﾅﾐ01B
130655,替刃・ＧＴ－ＮＳ，ＮＲ，ＮＢ２０用　　,N20AJL,000414-01,26C
130679,ブレード（エアーニッパー用）　　　　　,NY25AJL,000414-01,49E
130680,替刃・ＧＴ－ＮＳ、ＮＲ、ＮＢ２０樹脂用,N20AP,000414-01,34E
130697,替刃・ＧＴ－ＮＳ，ＮＲ，ＮＢ２０用　　,N20AJ,000414-01,1Fﾐﾅﾐ05A
130701,ブレード（エアーニッパー用）　　　　　,NY10AJ,000414-01,42C
130707,コンテナシリンダー・複動型　　　　　　,NCON-20W,000414-01,19B
130708,コンテナシリンダー・複動型　　　　　　,NCON-40W,000414-01,14B
130709,ミニコンテナシリンダー・複動型　　　　,NCON-M10W,000414-01,29B
130710,ミニコンテナシリンダー・複動型　　　　,NCON-M15W,000414-01,28D
130711,ミニコンテナシリンダー・複動型　　　　,NCON-M20W,000414-01,19B
130712,ミニコンテナシリンダー・複動型　　　　,NCON-M25W,000414-01,E02C
130713,ミニコンテナシリンダー・複動型　　　　,NCON-M30W,000414-01,15B
130724,替刃・ＧＴ－１０Ｌ樹脂用　　　　　　　,N10LAP,000414-01,1Fﾐﾅﾐ01E
130725,替刃・ＧＴ－１０Ｌフラット切断用　　　,N10LPF,000414-01,48A
130726,替刃・ＧＴ－２０Ｌフラット樹脂用　　　,N20PF,000414-01,22C
130727,替刃・ＧＴ－２０クイキリ樹脂用　　　　,N20AE,000414-01,27C
130729,替刃・ＧＴＮＳＮＲＮＢ３０クイキリ樹脂,N30AE,000414-01,29C
130730,替刃・３０Ｌフラット切断用　　　　　　,N30PF,000414-01,40A
130767,ピストン　　　　　　　　　　　　　　　,NW/NC-10ﾖｳ,000414-01,39D
130768,ピストン　　　　　　　　　　　　　　　,NW/NC-20.20Rﾖｳ,000414-01,25B
130769,ピストン　　　　　　　　　　　　　　　,NW/NC-35.35Rﾖｳ,000414-01,12B
130795,替刃・ＧＴ－ＮＳ、ＮＲ、ＮＢ３０用　　,N30AJ,000414-01,41C
130829,コンテナシリンダー・複動型　　　　　　,NCON-80W,000414-01,28B
130869,コンテナーシリンダー・強化型・複動型　,NCON-40WK,000414-01,32C
131014,ミニコンテナシリンダー・単動型　　　　,NCON-M10S,000414-01,14B
131015,ミニコンテナシリンダー・単動型　　　　,NCON-M15S,000414-01,16B
131016,ミニコンテナシリンダー・単動型　　　　,NCON-M20S,000414-01,20C
131019,クロスコネクタ・２５　　　　　　　　　,N01911-103,000414-01,21D
131020,シリンダコネクター２５・Ａ　　　　　　,N01911-104,000414-01,1Fﾐﾅﾐ08B
131021,シリンダコネクター２５・Ｂ　　　　　　,N01911-105,000414-01,46A
131028,クロスコネクター・２０　　　　　　　　,N01911-206,000414-01,37B
131029,コネクター２０・Ｆ　　　　　　　　　　,N01911-207,000414-01,21D
131031,コネクター２０・Ｇ　　　　　　　　　　,N01911-209,000414-01,1Fﾐﾅﾐ02D
131032,クロスコネクター・５０　　　　　　　　,N01911-301,000414-01,50A
131033,クロスコネクター・２５／５０　　　　　,N01911-401,000414-01,1Fﾐﾅﾐ01D
131035,コネクターブロック２５・Ｃ　　　　　　,N01912-103,000414-01,1Fﾐﾅﾐ02B
131036,コネクターブロック２５・Ｄ　　　　　　,N01912-104,000414-01,1Fﾐﾅﾐ04C
131037,コネクターＢＫＴ２５・Ｅ　　　　　　　,N01912-105,000414-01,1Fﾐﾅﾐ02D
131038,コネクタブロック・ライト　　　　　　　,N01912-106,000414-01,19B
131039,コネクターブロック・ＧＣＹＬ用　　　　,N01912-202,000414-01,50D
131040,コネクターブロック５０・Ｂ　　　　　　,N01912-203,000414-01,1Fﾐﾅﾐ08A
131041,コネクターブロック２５／５０・Ａ　　　,N01912-301,000414-01,KUNIMORI-D
131054,ナット・Ｍ６・２Ｐ・１５　　　　　　　,N01914-101,000414-01,42D
131055,ナット・Ｍ６・２Ｐ・１２　　　　　　　,N01914-102,000414-01,25D
131056,ナット・Ｍ６　　　　　　　　　　　　　,N01914-103,000414-01,06C
131057,ナット・Ｍ６・３Ｐ・１５　　　　　　　,N01914-104,000414-01,46C
131058,ナット・Ｍ６・２Ｐ・２０　　　　　　　,N01914-105,000414-01,32C
131059,ナット・Ｍ６・２Ｐ・２５　　　　　　　,N01914-106,000414-01,1Fﾐﾅﾐ05D
131060,ナット・Ｍ６・３Ｐ・３０　　　　　　　,N01914-107,000414-01,46A
131061,ナット・Ｍ４　　　　　　　　　　　　　,N01914-108,000414-01,13B
131062,ナット・Ｍ４・２Ｐ・３８、Ｍ３２Ｐ２０,N01914-201,000414-01,28C
131063,ナット・Ｍ４・２Ｐ・３２、Ｍ５２Ｐ２８,N01914-202,000414-01,46C
131064,ローテーションＢＫＴ・φ２０　　　　　,N01915-101,000414-01,E01D
131065,スイングＢＫＴ　　　　　　　　　　　　,N01915-102,000414-01,66(4F)B
131066,シリンダーＢＫＴ・φ２０　　　　　　　,N01915-103,000414-01,14B
131067,チャックＢＫＴ・φ１２　　　　　　　　,N01915-105,000414-01,19D
131068,ブラケット・Ｗ・φ１２　　　　　　　　,N01915-106,000414-01,18C
131069,ブラケット・Ｗ・φ２０　　　　　　　　,N01915-107,000414-01,09D
131070,ブラケット・Ｗ・φ８　　　　　　　　　,N01915-108,000414-01,1Fﾐﾅﾐ04A
131071,ブラケット・φ１２　　　　　　　　　　,N01915-109,000414-01,19C
131072,ブラケット・φ２０　　　　　　　　　　,N01915-110,000414-01,31B
131073,ブラケット・φ８　　　　　　　　　　　,N01915-111,000414-01,34A
131074,シリンダーＢＫＴ・φ１２　　　　　　　,N01915-112,000414-01,16C
131075,シリンダーＢＫＴ・φ８　　　　　　　　,N01915-113,000414-01,1Fﾐﾅﾐ03C
131077,センサーブラケット　　　　　　　　　　,N01915-201,000414-01,07B
131078,ニッパーブラケット・Ａ　　　　　　　　,N01915-301,000414-01,1Fﾐﾅﾐ07A
131080,ニッパーブラケット・Ｃ　　　　　　　　,N01915-303,000414-01,31C
131081,ニッパーブラケット・Ｄ　　　　　　　　,N01915-304,000414-01,31D
131082,ニッパーブラケット・Ｅ　　　　　　　　,N01915-305,000414-01,1Fﾐﾅﾐ03C
131083,ブラケット・ＮＣＯＮ　　　　　　　　　,N01915-401,000414-01,50B
131084,ガイドバー・１００　　　　　　　　　　,N01916-201,000414-01,49E
131085,ガイドバー・２００　　　　　　　　　　,N01916-202,000414-01,46A
131087,ワッシャーＡ・レッツジョイント用　　　,N01918-102,000414-01,48F
131088,ワッシャーＢ・レッツジョイント用　　　,N01918-103,000414-01,1Fﾐﾅﾐ04E
131090,サクションリンクブラケット・Ｍ１２　　,N01918-201,000414-01,1Fﾐﾅﾐ01B
131091,アタッチプレート・Ａ　　　　　　　　　,N01918-301,000414-01,42F
131092,パラレルコネクター・φ８φ１２　　　　,N01861-101,000414-01,39B
131093,パラレルコネクター・φ１２φ１２　　　,N01861-102,000414-01,12C
131094,パラレルコネクター・φ２０φ１２　　　,N01861-104,000414-01,15B
131095,パラレルコネクター・φ２０φ２０　　　,N01861-106,000414-01,09B
131096,パラレルコネクター・φ８φ８　　　　　,N01861-107,000414-01,35A
131097,コネクター・ＳＳＷ用　　　　　　　　　,N01861-108,000414-01,39B
131098,クロスコネクター・φ１２φ８　　　　　,N01861-201,000414-01,11C
131099,クロスコネクター・φ１２φ１２　　　　,N01861-202,000414-01,01C
131100,クロスコネクター・φ２０φ１２　　　　,N01861-204,000414-01,03D
131101,クロスコネクター・φ２０φ２０　　　　,N01861-206,000414-01,02D
131102,クロスコネクター・φ８φ８　　　　　　,N01861-207,000414-01,03C
131103,ティーコネクター＃１・φ１２φ１２　　,N01861-301,000414-01,25C
131104,ティーコネクター＃１・φ１２φ８　　　,N01861-302,000414-01,49C
131105,ティーコネクター＃１・φ８φ１２　　　,N01861-303,000414-01,1Fﾐﾅﾐ04B
131106,ティーコネクター＃１・φ２０φ１２　　,N01861-304,000414-01,1Fﾐﾅﾐ06C
131107,ティーコネクター＃１・φ２０φ２０　　,N01861-305,000414-01,15D
131108,ティーコネクター＃１・φ８φ８　　　　,N01861-306,000414-01,1Fﾐﾅﾐ02E
131109,ティーコネクター＃１・φ１２φ２０　　,N01861-307,000414-01,43E
131110,ティーコネクター＃２・φ１２φ１２　　,N01861-401,000414-01,05B
131111,ティーコネクター＃２・φ１２φ８　　　,N01861-402,000414-01,46A
131112,ティーコネクター＃２・φ８φ１２　　　,N01861-403,000414-01,43F
131113,ティーコネクター＃２・φ２０φ１２　　,N01861-404,000414-01,1Fﾐﾅﾐ06D
131114,ティーコネクター＃２・φ２０φ２０　　,N01861-405,000414-01,KUNIMORI-B
131115,ティーコネクター＃２・φ８φ８　　　　,N01861-406,000414-01,1Fﾐﾅﾐ03E
131116,ティーコネクター＃２・φ１２φ２０　　,N01861-407,000414-01,1Fﾐﾅﾐ08C
131118,アタッチＢＫＴ・φ１２・Ｍ６　　　　　,N01862-201,000414-01,04B
131119,サクションＢＫＴ・φ１２・Ｍ５　　　　,N01862-202,000414-01,30C
131120,サクションＢＫＴ・φ１２・ＰＴ１／８　,N01862-203,000414-01,1Fﾐﾅﾐ04E
131121,アタッチＢＫＴ・φ８・Ｍ６　　　　　　,N01862-205,000414-01,05B
131122,サクションＢＫＴ・φ８・Ｍ５　　　　　,N01862-206,000414-01,E03D
131123,アタッチＢＫＴ・φ２０・Ｍ６　　　　　,N01862-207,000414-01,23B
131124,サクションＢＫＴ・φ８・Ｍ６　　　　　,N01862-209,000414-01,49E
131125,アクセスロボＢＫＴ・φ１２・Ｍ６　　　,N01862-210,000414-01,1Fﾐﾅﾐ04E
131126,アクセスロボＢＫＴ・φ２０・Ｍ６　　　,N01862-211,000414-01,E03B
131127,サクションＢＫＴ・φ１２・Ｍ６　　　　,N01862-212,000414-01,38C
131128,スライドＢＫＴ・Ｗ・φ１２　　　　　　,N01863-101,000414-01,11C
131129,スライドワッシャー・Ｗ・φ８φ１２　　,N01863-102,000414-01,05B
131130,スライド７０ＢＫＴ・Ｗ・φ１２　　　　,N01863-103,000414-01,23C
131131,スライド４０ＢＫＴ・Ｗ・φ８　　　　　,N01863-106,000414-01,1Fﾐﾅﾐ04A
131132,スライド４０ＢＫＴ・Ｗ・φ１２　　　　,N01863-107,000414-01,18D
131133,スライド７０ＢＫＴ・Ｗ・φ８　　　　　,N01863-110,000414-01,43C
131134,スライドＢＫＴ・Ｗ・φ２０　　　　　　,N01863-111,000414-01,09B
131135,スライドワッシャー・Ｗ・φ２０　　　　,N01863-112,000414-01,19D
131137,スライド４０ＢＫＴ・Ｗ・φ２０　　　　,N01863-114,000414-01,22C
131138,スライド７０ＢＫＴ・Ｗ・φ２０　　　　,N01863-115,000414-01,11B
131139,スライド４０ＢＫＴ・Ｗ・Ｍ１０　　　　,N01863-117,000414-01,15B
131140,スライド４０ＢＫＴ・Ｗ・Ｍ１２　　　　,N01863-118,000414-01,09B
131141,スライド７０ＢＫＴ・Ｗ・Ｍ１０　　　　,N01863-120,000414-01,21C
131142,スライド７０ＢＫＴ・Ｗ・Ｍ１２　　　　,N01863-121,000414-01,24C
131143,スライド４０ＢＫＴ・Ｗ・Ｍ１７　　　　,N01863-122,000414-01,44D
131144,スライド７０ＢＫＴ・Ｗ・Ｍ１７　　　　,N01863-124,000414-01,42C
131145,スライドＢＫＴ・φ１２　　　　　　　　,N01863-201,000414-01,19C
131146,スライドワッシャー・φ８φ１２　　　　,N01863-202,000414-01,33C
131147,スライド４０ＢＫＴ・Ｍ５　　　　　　　,N01863-203,000414-01,50B
131148,スライド７０ＢＫＴ・Ｍ５　　　　　　　,N01863-204,000414-01,37C
131149,スライドＢＫＴ・φ２０　　　　　　　　,N01863-205,000414-01,13C
131150,スライドワッシャー・φ２０　　　　　　,N01863-206,000414-01,1Fﾐﾅﾐ06E
131151,スライドＢＫＴ・φ８　　　　　　　　　,N01863-207,000414-01,1Fﾐﾅﾐ05D
131152,スライド４０ＢＫＴ・φ８　　　　　　　,N01863-208,000414-01,07D
131153,スライド７０ＢＫＴ・φ８　　　　　　　,N01863-209,000414-01,49E
131154,スライド４０ＢＫＴ・ＰＴ１／８　　　　,N01863-210,000414-01,47D
131155,スライド７０ＢＫＴ・ＰＴ１／８　　　　,N01863-211,000414-01,1Fﾐﾅﾐ07C
131156,スライド４０ＢＫＴ・Ｍ６　　　　　　　,N01863-212,000414-01,49D
131157,スライド７０ＢＫＴ・Ｍ６　　　　　　　,N01863-213,000414-01,47B
131158,スライド４０ＢＫＴ・Ｍ３　　　　　　　,N01863-214,000414-01,47C
131159,スライド７０ＢＫＴ・Ｍ３　　　　　　　,N01863-217,000414-01,46C
131164,ローテーションＢＫＴ・φ８・Ｍ５Ａ　　,N01864-202,000414-01,46B
131166,ローテーションＢＫＴφ１２ＰＴ１／８Ａ,N01864-204,000414-01,45A
131168,ローテーションＢＫＴ・φ１２・１２Ａ　,N01864-301,000414-01,03B
131169,ローテーションＢＫＴ・φ１２・８Ａ　　,N01864-302,000414-01,40A
131170,ローテーションＢＫＴ・φ８・８Ａ　　　,N01864-303,000414-01,24C
131171,ローテーションＢＫＴ・φ２０・２０Ａ　,N01864-304,000414-01,11C
131173,ローテーションＢＫＴ・Ｍ１２・１２Ａ　,N01864-306,000414-01,27B
131174,ローテーションＢＫＴ・Ｍ１７・２０Ａ　,N01864-307,000414-01,1Fﾐﾅﾐ06F
131175,ローテーションＢＫＴ・ＰＴ１／８・８Ａ,N01864-401,000414-01,47F
131176,ブラケット・Ｔ・φ１２・ＭＣＤ用　　　,N01866-101,000414-01,04B
131177,ブラケット・Ｔ・φ８・ＵＭＣＤ用　　　,N01866-102,000414-01,24B
131179,ブラケット・Ｌ・φ１２・ＭＣＤ用　　　,N01866-201,000414-01,14D
131180,ブラケット・Ｌ・φ８・ＵＭＣＤ用　　　,N01866-202,000414-01,1Fﾐﾅﾐ04E
131181,ブラケット・ＴＨ・φ１２・ＭＣＤ用　　,N01866-301,000414-01,07C
131182,ブラケット・ＴＨ・φ８・ＵＭＣＤ用　　,N01866-302,000414-01,E01B
131183,ブラケット・ＴＨ・φ２０・ＭＣＤ用　　,N01866-303,000414-01,16D
131184,ブラケット・ＴＶ・φ１２・ＭＣＤ用　　,N01866-401,000414-01,06C
131185,ブラケット・ＴＶ・φ８・ＵＭＣＤ用　　,N01866-402,000414-01,31B
131186,ブラケット・ＴＶ・φ２０・ＭＣＤ用　　,N01866-403,000414-01,24C
131187,チャックＢＫＴ・ＴＨ・φ１２　　　　　,N01866-501,000414-01,24C
131188,チャックＢＫＴ・ＴＨ・φ８　　　　　　,N01866-502,000414-01,40D
131189,センサーＢＫＴ・φ１２　　　　　　　　,N01867-101,000414-01,27B
131191,サクションローテ＃Ａ・φ１２　　　　　,N01868-101,000414-01,1Fﾐﾅﾐ05F
131192,サクションローテ＃Ｂ・Ｍ５・φ１２　　,N01868-102,000414-01,1Fﾐﾅﾐ07C
131194,サクションローテ＃Ａ・φ８　　　　　　,N01868-104,000414-01,44E
131196,ブッシュ・φ１２φ８　　　　　　　　　,N01868-301,000414-01,E02E
131197,ブッシュ・φ２０φ８　　　　　　　　　,N01868-302,000414-01,45E
131198,ブッシュ・φ２０φ１２　　　　　　　　,N01868-303,000414-01,E03C
131199,ブッシュナット・φ２０・ＰＴ１／８　　,N01868-305,000414-01,49B
131200,ブッシュナット・φ８・Ｍ５　　　　　　,N01868-401,000414-01,49F
131201,ブッシュナット・φ１２・Ｍ１０　　　　,N01868-402,000414-01,1Fﾐﾅﾐ05A
131202,ブッシュナット・φ１２・Ｍ５　　　　　,N01868-403,000414-01,E02A
131204,ブッシュナット・Ｍ５－Ｍ３　　　　　　,N01868-407,000414-01,49F
131205,ブッシュナット・φ２０・Ｍ１２　　　　,N01868-409,000414-01,E03D
131206,ブッシュナット・φ８・Ｍ６　　　　　　,N01868-410,000414-01,42B
131207,ブッシュナット・φ１２・ＰＴ１／８　　,N01868-411,000414-01,43C
131208,吸着アタッチヘッド・Ｍ５・ミニ用　　　,N01892-201,000414-01,04D
131209,吸着アタッチヘッド・Ｍ５・スモール用　,N01892-301,000414-01,08D
131213,アルミエンドキャップ・１０－２０　　　,N01902-004,000414-01,E01D
131214,アルミエンドキャップ・２５－２５　　　,N01902-005,000414-01,08C
131215,アルミエンドキャップ・２５－５０　　　,N01902-006,000414-01,1Fﾐﾅﾐ05E
131216,ニッパーブラケット・Ｂ　　　　　　　　,N01915-302,000414-01,33D
131217,スライドブラケット・Ｗ・φ８　　　　　,N01863-113,000414-01,1Fﾐﾅﾐ03D
131218,９０度フラットＡ　　　　　　　　　　　,N01871-101,000414-01,17B
131221,コネクター２０・セットＢ　　　　　　　,N01911-201-203 SET,000414-01,38D
131222,コネクター２０・セットＣ　　　　　　　,N01911-204-205 SET,000414-01,25D
131223,クロスコネクター・２０／２５・セットＡ,N01911-208-106-201 SET,000414-01,47B
131224,コネクター２５・セットＡ　　　　　　　,N01911-101-102 SET,000414-01,1Fﾐﾅﾐ05E
131225,アタッチＢＫＴ・φ１２・Ｍ８　　　　　,N01862-213,000414-01,16B
131226,アタッチＢＫＴ・φ２０・Ｍ８　　　　　,N01862-214,000414-01,15C
131256,当板・ミニコン用　　　　　　　　　　　,NCON-CP-01,000414-01,12D
131257,当板・ミニコン用　　　　　　　　　　　,NCON-CP-02,000414-01,43A
131258,当板・ミニコン用　　　　　　　　　　　,NCON-CP-03,000414-01,45B
131259,当板・ミニコン用　　　　　　　　　　　,NCON-CP-04,000414-01,33B
131260,当板・ミニコン用　　　　　　　　　　　,NCON-CP-05,000414-01,25D
131281,当板・ミニコン用　　　　　　　　　　　,NCON-CP-06,000414-01,47A
131305,アタッチＢＫＴ・φ１２・Ｍ５　　　　　,N01862-204,000414-01,21C
131306,アタッチＢＫＴ・φ８・Ｍ５　　　　　　,N01862-208,000414-01,38B
131316,吸着金具アタッチヘッド・Ｍ３・マイクロ,N01891-201,000414-01,20B
131405,コネクタープレート２５・Ｃ　　　　　　,N01913-103-2,000414-01,28B
131406,コネクタープレート２５・Ａ　　　　　　,N01913-101-3,000414-01,17B
131407,コネクタープレート２５・Ｂ　　　　　　,N01913-102-3,000414-01,45A
131408,コネクタープレート２５・Ｄ　　　　　　,N01913-104-2,000414-01,42E
131410,コネクタープレート２５・Ｆ　　　　　　,N01913-106-2,000414-01,42D
131411,コネクタープレート２５・Ｇ　　　　　　,N01913-107-1,000414-01,1Fﾐﾅﾐ08B
131412,コネクタープレート２５・Ｈ　　　　　　,N01913-108-3,000414-01,43E
131413,コネクタープレート２０・Ａ　　　　　　,N01913-201-2,000414-01,48D
131414,コネクタープレート５０・Ａ　　　　　　,N01913-301-2,000414-01,42C
131415,コネクタープレート５０・Ｂ　　　　　　,N01913-302-2,000414-01,48D
131416,コネクタープレート２５／５０・Ａ　　　,N01913-401-2,000414-01,49C
131433,ローテーションＢＫＴ・φ８・Ｍ１２Ａ　,N01864-205-2,000414-01,1Fﾐﾅﾐ05D
131434,ローテーションＢＫＴ・Ｍ１０・８Ａ　　,N01864-305-2,000414-01,45C
131435,ローテーションＢＫＴ・φ８・Ｍ１０Ａ　,N01864-201-3,000414-01,49E
131466,替刃・ＧＴ－ＮＳ，ＮＲ，ＮＢ２０用　　,N20AML1498,000414-01,34A
131467,替刃・ＧＴ－ＮＳ，ＮＲ，ＮＢ２０用　　,N20AH,000414-01,47E
131468,替刃・ＧＴ－ＮＳ，ＮＲ，ＮＢ２０用　　,N20AMR1499,000414-01,27D
131469,替刃・ＧＴ－ＮＳ，ＮＲ，ＮＢ２０用　　,N20AK249,000414-01,34C
131470,替刃・ＧＴ－ＮＳ、ＮＲ、ＮＢ３０用　　,N30AJL,000414-01,27D
131479,９０度フラットＢ　　　　　　　　　　　,N01871-102-1,000414-01,11C
131487,ピストン用パッキン　　　　　　　　　　,NW1-35.35R (LX0107-001-0),000414-01,20B
131488,ストレートコネクター・φ８　　　　　　,N01868-501,000414-01,1Fﾐﾅﾐ07D
131489,ストレートコネクター・φ１２　　　　　,N01868-502,000414-01,38B
131490,ストレートコネクター・φ２０　　　　　,N01868-503,000414-01,KUNIMORI-C
131553,スプルーカットユニット（部品）　　　　,NS20U-P,000414-01,47F
131554,ブラケット・Ｔ・φ２０・ＭＣＤ用　　　,N01866-103A,000414-01,14D
131565,スプルーカットユニット　　　　　　　　,NS20U,000414-01,40A
131567,ローテーションＢＫＴ・φ１２・１２ＡＬ,N01864-301L,000414-01,23D
131568,ローテーションＢＫＴ・φ２０・２０ＡＬ,N01864-304L,000414-01,22B
131569,クロスコネクター・φ１２φ１２（後入）,N01861-202A,000414-01,34D
131570,クロスコネクター・φ２０φ２０（後入）,N01861-206A,000414-01,02D
131573,クロスコネクター・ロング・φ２０φ２０,N01861-206B,000414-01,28D
131600,ローテーションＢＫＴ・φ１２・８Ｂ　　,N01864-101A,000414-01,1Fﾐﾅﾐ05B
131601,替刃・ＧＴ－ＮＳ、ＮＲ、ＮＢ３０用　　,N303SA,000414-01,KUNIMORI2D
131602,替刃・ＧＴ－ＮＳ、ＮＲ、ＮＢ２０用　　,N207SA,000414-01,43C
131605,ローテーションＢＫＴ・φ１２・１２Ｂ　,N01864-102A,000414-01,37B
131606,ローテーションＢＫＴ・φ８・８Ｂ　　　,N01864-103A,000414-01,1Fﾐﾅﾐ02C
131614,ピストン用パッキン　　　　　　　　　　,NW1-10.10R (LX0125-001-0),000414-01,39A
131615,ピストン用パッキン　　　　　　　　　　,NW2-20.20R (LX0145-003-0),000414-01,14B
131616,ピストン用パッキン　　　　　　　　　　,NW-50.50R (LX0153-110),000414-01,45B
131617,ピストン用スプリング　　　　　　　　　,NW-50.50R (LX0153-111),000414-01,1Fﾐﾅﾐ05C
131618,刃先スプリング・ミニエアーニッパ用　　,NW-50.50R,000414-01,34A
131621,取付金具・ミニエアーニッパー用　　　　,NW-50ﾖｳ,000414-01,37B
131622,ミニエアニッパー（ＢＯＤＹ　ＡＳＳＹ）,NW3-10-KN,000414-01,NEW-EINS
131623,ミニエアニッパー（ＢＯＤＹ　ＡＳＳＹ）,NW3-10R-KN,000414-01,NEW-EINS
131624,ミニエアニッパー（ＢＯＤＹ　ＡＳＳＹ）,NW3-20-KN,000414-01,NEW-EINS
131625,ミニエアニッパー（ＢＯＤＹ　ＡＳＳＹ）,NW3-20R-KN,000414-01,NEW-EINS
131626,ミニエアニッパー・本体・正刃付　　　　,NW3-10,000414-01,01D
131627,ミニエアニッパー・本体・薄刃付　　　　,NW3-101,000414-01,19D
131628,ミニエアニッパー・本体・逆刃付　　　　,NW3-10R,000414-01,19B
131629,ミニエアニッパー・本体・正刃付　　　　,NW3-20,000414-01,12B
131630,ミニエアニッパー・本体・薄刃付　　　　,NW3-201,000414-01,17C
131631,ミニエアニッパー・本体・逆刃付　　　　,NW3-20R,000414-01,05B
131632,ミニエアニッパー・本体・長刃付　　　　,NW3-20-V001S,000414-01,16C
131633,ミニエアニッパー・本体・逆長刃付　　　,NW3-20R-V001S,000414-01,24D
131634,ミニエアニッパー・本体・クイキリ刃付　,NW3-20-01C,000414-01,13B
131641,ミニエアニッパー（ＢＯＤＹ　ＡＳＳＹ）,NW3-35-KN,000414-01,NEW-EINS
131642,ミニエアニッパー（ＢＯＤＹ　ＡＳＳＹ）,NW3-35R-KN,000414-01,NEW-EINS
131643,ミニエアニッパー・本体・正刃付　　　　,NW3-35,000414-01,13D
131644,ミニエアニッパー・本体・逆刃付　　　　,NW3-35R,000414-01,04B
131645,ミニエアニッパー・本体・長刃付　　　　,NW3-35-V001S,000414-01,23B
131646,ミニエアニッパー・本体・逆長刃付　　　,NW3-35R-V001S,000414-01,08D
131647,ミニエアニッパー・本体・クイキリ刃付　,NW3-35-01C,000414-01,09D
131654,ピストン　　　　　　　　　　　　　　　,NW-50.50Rﾖｳ,000414-01,1Fﾐﾅﾐ05A
131677,当板・ミニコン用　　　　　　　　　　　,NCON-CP-06A,000414-01,49A
131679,スライドスプリング　　　　　　　　　　,NW-10Rﾖｳ,000414-01,48A
131686,コンテナシリンダー・複動型・ガイド付　,NGCYL20*20,000414-01,1Fﾐﾅﾐ03D
131687,コンテナシリンダー・複動型・ガイド付　,NGCYL20*40,000414-01,1Fﾐﾅﾐ03D
131688,コンテナシリンダー・複動型・ガイド付　,NGCYL20*50,000414-01,1Fﾐﾅﾐ03D
131689,コンテナシリンダー・複動型・ガイド付　,NGCYL20*75,000414-01,1Fﾐﾅﾐ03D
131690,コンテナシリンダー・複動型・ガイド付　,NGCYL20*100,000414-01,1Fﾐﾅﾐ03D
131712,ローテーションＢＫＴ・ＮＲ１０ヨウ　　,NP-RTB-NR10,000414-01,48E
131713,ローテーションＢＫＴ・ＮＲ２０ヨウ　　,NP-RTB-NR20,000414-01,37D
131714,ローテーションＢＫＴ・ＮＲ３０ヨウ　　,NP-RTB-NR30,000414-01,1Fﾐﾅﾐ03B
131716,スプルーカットユニット（部品）　　　　,NS20UR-P,000414-01,1Fﾐﾅﾐ02C
131717,スプルーカットユニット　　　　　　　　,NS20UR,000414-01,45D
131722,ミニエアニッパー・正刃・刃開調整付　　,NW3-35-BAST,000414-01,40C
131723,ミニエアニッパー・逆刃・刃開調整付　　,NW3-35R-BAST,000414-01,39D
131724,ミニエアニッパー・正刃・刃開調整付　　,NW3-20-BAST,000414-01,40A
131725,ミニエアニッパー・逆刃・刃開調整付　　,NW3-20R-BAST,000414-01,28D
131732,ニッパー調整金具　　　　　　　　　　　,NW-ADJBKT,000414-01,KUNIMORI2D
131770,ニッパー取付金具１２　　　　　　　　　,NW-MOUNT12-20,000414-01,04D
131771,ミニエアニッパー・本体・正刃付　　　　,NW1-50,000414-01,35C
131772,ミニエアニッパー・本体・逆刃付　　　　,NW1-50R,000414-01,12B
131773,パッキン　　　　　　　　　　　　　　　,NPB10,000414-01,50A
131774,ミニエアニッパー・正刃・超硬刃開調整付,NW3-20-CARBIDE-BAST,000414-01,E01C
131775,ミニエアニッパー・正刃・超硬刃開調整付,NW3-35-CARBIDE-BAST,000414-01,KUNIMORI2A
131776,ミニエアニッパー・逆刃・超硬刃開調整付,NW3-20R-CARBIDE-BAST,000414-01,E02D
131777,ミニエアニッパー・逆刃・超硬刃開調整付,NW3-35R-CARBIDE-BAST,000414-01,E02C
131778,ミニエアニッパー（ＢＯＤＹ　ＡＳＳＹ）,NW1-50-KN,000414-01,NEW-EINS
131779,ミニエアニッパー（ＢＯＤＹ　ＡＳＳＹ）,NW1-50R-KN,000414-01,NEW-EINS
131809,ドライリンＮ薄型リニアガイド　　　　　,NW-02-17(10.35.50),000414-01,1Fﾐﾅﾐ07A
131816,ブレード固定ナット（ＮＷー１０用）　　,NW-10ﾖｳ,000414-01,KUNIMORI-B
131817,ブレード固定ナット（ＮＷー２０／３５用,NW-20/35ﾖｳ,000414-01,KUNIMORI-B
131818,替刃・ＧＴ－ＮＳ，ＮＲ，ＮＢ２０用　　,N20AE1205,000414-01,1Fﾐﾅﾐ02F
131819,替刃・ＧＴ－ＮＳ，ＮＲ，ＮＢ３０用　　,N30AE2125,000414-01,1Fﾐﾅﾐ03B
131820,替刃・ＧＴ－ＮＳ，ＮＲ，ＮＢ３０用　　,N30AL525,000414-01,1Fﾐﾅﾐ03F
131821,ニッパー取付金具２０　　　　　　　　　,NW-MOUNT20-30,000414-01,1Fﾐﾅﾐ06C
140039,マイクロケース　　　　　　　　　　　　,OM-1,000414-01,20D
140042,チャックワンタッチ金具（本体側）　　　,OC-LA,000414-01,26D
140043,チャックワンタッチ金具（チャック側）　,OC-LAII,000414-01,09D
140151,チャックワンタッチ・手動・ツール側　　,OA-SSI,000414-01,12C
140155,チャックワンタッチ・手動・ツール側　　,OA-LAI,000414-01,22D
140160,ツールチェンジャー・ロボット側　　　　,OX-WLA,000414-01,66(4F)C
140167,Ｄ－ＳＵＢケーブル・ＯＸ用　　　　　　,OX-DS09-I-H,000414-01,25D
140168,Ｄ－ＳＵＢケーブル・ＯＸ用　　　　　　,OX-DS09-H,000414-01,23D
140169,Ｄ－ＳＵＢケーブル・ＯＸ用　　　　　　,OX-DS15-I-H,000414-01,1Fﾐﾅﾐ05C
140170,Ｄ－ＳＵＢケーブル・ＯＸ用　　　　　　,OX-DS15-H,000414-01,1Fﾐﾅﾐ07A
140171,Ｄ－ＳＵＢコネクタ－・ＯＸ用　　　　　,OX-DS09-I,000414-01,05C
140172,Ｄ－ＳＵＢコネクタ－・ＯＸ用　　　　　,OX-DS09,000414-01,28C
140173,Ｄ－ＳＵＢコネクタ－・ＯＸ用　　　　　,OX-DS15-I,000414-01,46D
140174,Ｄ－ＳＵＢコネクタ－・ＯＸ用　　　　　,OX-DS15,000414-01,47E
140181,ツールチェンジャー・ロボット側　　　　,OX-SB,000414-01,03B
140182,ツールチェンジャー・ツール側　　　　　,OX-SBI,000414-01,24D
140183,ツールチェンジャー・ロボット側　　　　,OX-LB,000414-01,08D
140184,ツールチェンジャー・ロボット側　　　　,OX-WLB,000414-01,40B
140186,ツールチェンジャー・ツール側　　　　　,OX-LBI,000414-01,03B
140187,ツールチェンジャー・ツール側　　　　　,OX-WLBI,000414-01,35D
140190,Ｄ－ＳＵＢ＆プローブコネクタ・ロボ側　,OXR-DPS09,000414-01,04B
140192,Ｄ－ＳＵＢ＆プローブコネクタ・ツール側,OXR-DPS09-I,000414-01,08B
140193,エアーオプション（ＯＸ用）　　　　　　,OX-SBA,000414-01,14C
140194,エアーオプション（ＯＸ用）　　　　　　,OX-SBIA,000414-01,20B
140195,エアーオプション（ＯＸ用）　　　　　　,OX-LBA,000414-01,05D
140196,エアーオプション（ＯＸ用）　　　　　　,OX-LBIA,000414-01,15B
140197,Ｄ－ＳＵＢケーブル・ＯＸ用　　　　　　,OX-DS09S-H,000414-01,17D
140202,Ｄ－ＳＵＢケーブル・ＯＸ用　　　　　　,OX-DS09P-I-H,000414-01,10C
140203,Ｄ－ＳＵＢケーブルＬ・ＯＸ用　　　　　,OX-DS09SL-H,000414-01,19C
140204,Ｄ－ＳＵＢケーブルＬ・ＯＸ用　　　　　,OX-DS09PL-I-H,000414-01,02C
140217,ツールチェンジャー・ロボット側　　　　,OX-SBY,000414-01,E02B
140218,ツールチェンジャー・ツール側　　　　　,OX-SBYI,000414-01,30D
140219,チャックワンタッチ・手動・ロボット側　,OA-SSL,000414-01,16C
140220,プローブコネクター（ハンダ）・ロボ側　,OX-PL09,000414-01,1Fﾐﾅﾐ04C
140221,プローブコネクター（ハンダ）・ツール側,OX-PL09-I,000414-01,KUNIMORI-D
140225,ツールチェンジャー・ロボット側　　　　,OX-SBN,000414-01,32D
140226,ツールチェンジャー・ツール側　　　　　,OX-SBNI,000414-01,02D
140228,ツールチェンジャー・ロボット側　　　　,OX-LB-30,000414-01,1Fﾐﾅﾐ06E
140229,ツールチェンジャー・ロボット側　　　　,OX-SBYN,000414-01,E01E
140230,ツールチェンジャー・ツール側　　　　　,OX-SBYNI,000414-01,19A
140231,ツールチェンジャー・ロボット側　　　　,OX-LBN,000414-01,33C
140232,ツールチェンジャー・ツール側　　　　　,OX-LBNI,000414-01,21D
140233,ツールチェンジャー・ロボット側　　　　,OX-SBS,000414-01,1Fﾐﾅﾐ05F
140234,ツールチェンジャー・ツール側　　　　　,OX-SBSI,000414-01,24B
140235,多関節用ツールチェンジャー・ロボット側,OX-03A,000414-01,24B
140236,多関節用ツールチェンジャー・ツール側　,OX-03AI,000414-01,22C
140237,多関節用ツールチェンジャー・ロボット側,OX-05A,000414-01,28C
140238,多関節用ツールチェンジャー・ツール側　,OX-05AI,000414-01,27D
140247,Ｄ－ＳＵＢケーブル・ＯＸ用　１．５ｍ　,OX-DS09S-H(1.5M),000414-01,29C
140248,Ｄ－ＳＵＢケーブルＬ・ＯＸ用　１．５ｍ,OX-DS09SL-H(1.5M),000414-01,02B
140249,ＯＸピストンユニット（ＳＡ用）　　　　,OX-SAP,000414-01,43D
140250,ＯＸピストンユニット（ＬＡ用）　　　　,OX-LAP,000414-01,1Fﾐﾅﾐ07D
140251,エアーオプション（ＯＸ用）　　　　　　,OX-SBA1,000414-01,43B
140252,エアーオプション（ＯＸ用）　　　　　　,OX-SBIA1,000414-01,E02E
140253,エアーオプション（ＯＸ用）　　　　　　,OX-LBA1,000414-01,1Fﾐﾅﾐ05E
140254,エアーオプション（ＯＸ用）　　　　　　,OX-LBIA1,000414-01,42B
140257,チャックワンタッチ・手動・ツール側　　,OA1-SAI,000414-01,01B
140258,ツールチェンジャー・ロボット側　　　　,OX-LBFN,000414-01,E01B
140259,ツールチェンジャー・ツール側　　　　　,OX-LBFNI,000414-01,1Fﾐﾅﾐ08A
140260,ツールチェンジャー・ロボット側　　　　,OX-SBHN,000414-01,1Fﾐﾅﾐ08B
140261,ツールチェンジャー・ツール側　　　　　,OX-SBHNI,000414-01,1Fﾐﾅﾐ04B
140262,多関節用ツールチェンジャー・ロボット側,OX-10B,000414-01,40B
140263,多関節用ツールチェンジャー・ツール側　,OX-10BI,000414-01,31D
140264,プローブコネクター・ロボット側　　　　,OXR-PS16,000414-01,26D
140265,プローブコネクター・ツール側　　　　　,OXR-PS16-I,000414-01,26D
140266,ツールチェンジャー・ロボット側　　　　,OX-SSB,000414-01,34C
140267,ツールチェンジャー・ロボット側　　　　,OX-WLBN-30,000414-01,43F
140268,ツールチェンジャー・ツール側　　　　　,OX-SSBI,000414-01,1Fﾐﾅﾐ06F
140271,チャックワンタッチ・ステンレス・ロボ　,OA-SSL(SUS),000414-01,45B
140272,チャックワンタッチ・ステンレス・ツール,OA-SSI(SUS),000414-01,32D
140273,ツールチェンジャー・ツール側　　　　　,OX-LBFI,000414-01,26D
140274,ツールチェンジャー・ロボット側　　　　,OX-LBF,000414-01,KUNIMORI2C
140275,ツールチェンジャー・ロボット側　　　　,OX-SBH,000414-01,1Fﾐﾅﾐ05F
140276,ツールチェンジャー・ツール側　　　　　,OX-SBHI,000414-01,1Fﾐﾅﾐ04C
140277,ツールチェンジャー・ロボット側　　　　,OX-WLBN,000414-01,1Fﾐﾅﾐ06D
140278,ツールチェンジャー・ツール側　　　　　,OX-WLBNI,000414-01,29C
140279,ツールチェンジャー・ロボット側　　　　,OX-LBN-30,000414-01,1Fﾐﾅﾐ04D
140280,ツールチェンジャー・ロボット側　　　　,OX-SSBN,000414-01,50D
140281,ツールチェンジャー・ツール側　　　　　,OX-SSBNI,000414-01,37C
140283,ツールチェンジャー・ロボット側　　　　,OX-WLB-30,000414-01,50F
140285,プローブコネクター（ハンダ）・ツール側,OX-PLA-07-I,000414-01,31B
140286,プローブコネクター（ハンダ）・ロボ側　,OX-PLA-07,000414-01,32B
140287,エアーオプション（ＯＸ用）　　　　　　,OX-LBA3,000414-01,40D
140288,エアーオプション（ＯＸ用）　　　　　　,OX-LBIA3,000414-01,29D
140289,コネクタープレート　　　　　　　　　　,OX-DS09CNP,000414-01,30C
140290,チャックワンタッチ・手動・ロボット側　,OA1-SA,000414-01,14C
140291,チャックワンタッチ・手動・ロボット側　,OA2-LA,000414-01,33D
140292,多関節用ツールチェンジャー・ロボット側,OX-20B,000414-01,80(ﾐﾅﾐ)C
140293,多関節用ツールチェンジャー・ツール側　,OX-20BI,000414-01,41D
140294,エアーオプション　（ＯＸ用）　　　　　,OX-SSBA,000414-01,38B
140295,エアーオプション　（ＯＸ用）　　　　　,OX-SSBIA,000414-01,45A
140296,エアーオプション（ＯＸ用）　　　　　　,OX-20BA,000414-01,1Fﾐﾅﾐ07C
140297,エアーオプション（ＯＸ用）　　　　　　,OX-20BIA,000414-01,E02E
140299,ツールチェンジャー・ロボット側　　　　,OX-WSB,000414-01,KUNIMORI-C
140300,ツールチェンジャー・ロボット側　　　　,OX-WSBN,000414-01,66(4F)D
140301,ツールチェンジャー・ツール側　　　　　,OX-WSBI,000414-01,80(ﾐﾅﾐ)B
140302,ツールチェンジャー・ツール側　　　　　,OX-WSBNI,000414-01,66(4F)C
140303,ＷＳＢ用コネクタープレート　　　　　　,OX-DPS09WCNP,000414-01,42B
140304,ＷＳＢ用ＤーＳＵＢコネクター・ロボ側　,OX-DS15-WS,000414-01,47E
140305,ＷＳＢ用ＤーＳＵＢコネクター・ツール側,OX-DS15-I-WS,000414-01,47C
140306,ワイヤレスコネクター４Ｐ・ロボット側　,OX-RS04R-SB,000414-01,50C
140307,ワイヤレスコネクター４Ｐ・ツール側　　,OX-RS04T-SBI,000414-01,48B
140308,ワイヤレスコネクター１２Ｐ・ロボット側,OX-RS12R-LB,000414-01,E02E
140310,多関節用ツールチェンジャー・ロボット側,OX-005A,000414-01,43F
140312,多関節用ツールチェンジャー・ロボット側,OX-35AT,000414-01,50D
140313,多関節用ツールチェンジャー・ロボット側,OX-60A,000414-01,45B
140314,多関節用ツールチェンジャー・ロボット側,OX-230A,000414-01,NEW-EINS
140315,多関節用ツールチェンジャー・ツール側　,OX-005AI,000414-01,45A
140316,多関節用ツールチェンジャー・ツール側　,OX-35AI,000414-01,06B
140317,多関節用ツールチェンジャー・ツール側　,OX-35ATI,000414-01,48D
140318,多関節用ツールチェンジャー・ツール側　,OX-60AI,000414-01,E03C
140319,多関節用ツールチェンジャー・ツール側　,OX-230AI,000414-01,NEW-EINS
140320,ワイヤレスコネクター４Ｐ・ロボット側　,OXR-RS04R-03,000414-01,1Fﾐﾅﾐ02D
140321,ワイヤレスコネクター４Ｐ・ロボット側　,OXR-RS04R-10,000414-01,49E
140322,ワイヤレスコネクター４Ｐ・ツール側　　,OXR-RS04T-03I,000414-01,50C
140323,ワイヤレスコネクター４Ｐ・ツール側　　,OXR-RS04T-10I,000414-01,1Fﾐﾅﾐ02D
140324,Ｄ－ＳＵＢ＆プローブコネクタ・ロボ側　,OX-DPS09A,000414-01,38B
140325,Ｄ－ＳＵＢ＆プローブコネクタ・ツール側,OX-DPS09A-I,000414-01,16C
140326,エアーオプション（ＯＸ用）　　　　　　,OX-005AA,000414-01,50B
140327,エアーオプション（ＯＸ用）　　　　　　,OX-005AIA,000414-01,50A
140328,ＯＸ－００５用コネクター（ロボット側）,OXR-PS06,000414-01,50C
140329,ＯＸ－００５用コネクター（ツール側）　,OXR-PS06-I,000414-01,50E
140330,ワイヤレスコネクター１２Ｐ・ロボット側,OXR-RS12R-20,000414-01,47A
140332,ワイヤレスコネクター４Ｐ・ロボット側　,OXR-RS-0403,000414-01,47E
140333,ワイヤレスコネクター４Ｐ・ロボット側　,OXR-RS-0410,000414-01,48B
140334,ワイヤレスコネクター４Ｐ・ロボット側　,OX-RS-04SB,000414-01,49A
140335,ワイヤレスコネクター１２Ｐ・ロボット側,OX-RS-12LB,000414-01,49B
140336,ワイヤレスコネクター１２Ｐ・ロボット側,OXR-RS-1220,000414-01,49B
140337,ワイヤレスコネクター４Ｐ・ツール側　　,OXR-RS-0403-I,000414-01,47E
140338,ワイヤレスコネクター４Ｐ・ツール側　　,OXR-RS-0410-I,000414-01,1Fﾐﾅﾐ02B
140339,ワイヤレスコネクター４Ｐ・ツール側　　,OX-RS-04SB-I,000414-01,49B
140342,エアーオプション（ＯＸ用）　　　　　　,OX-60AA,000414-01,49C
140343,エアーオプション（ＯＸ用）　　　　　　,OX-60AIA,000414-01,1Fﾐﾅﾐ03C
140344,プローブコネクター取付ブラケット　　　,OXR-CBX24,000414-01,1Fﾐﾅﾐ07B
140345,ツールチェンジャー・ロボット側　　　　,OX-SBN-30,000414-01,1Fﾐﾅﾐ05A
140360,プローブコネクター（ハンダ）・ツール側,OX-PS15-I,000414-01,42B
140361,プローブコネクター（ハンダ）・ロボ側　,OX-PS15,000414-01,42A
140362,プローブコネクター・ロボット側　　　　,OXR-PSH11,000414-01,46C
140363,プローブコネクター・ツール側　　　　　,OXR-PSH11-I,000414-01,47D
140364,Ｄ－ＳＵＢケーブル・ＯＸ用　１．５ｍ　,OX-DS09P-I-H(1.5M),000414-01,34E
140365,Ｄ－ＳＵＢケーブルｌ・ＯＸ用　１．５ｍ,OX-DS09PL-I-H(1.5M),000414-01,37C
140373,多関節用ツールチェンジャー・ロボット側,OX-120A,000414-01,1Fﾐﾅﾐ02D
140374,多関節用ツールチェンジャー・ツール側　,OX-120AI,000414-01,1Fﾐﾅﾐ03F
140378,ワイヤレスコネクター１２Ｐ・ツール側　,OX-RS12T1-LBI,000414-01,E01A
140379,ワイヤレスコネクター１２Ｐ・ツール側　,OXR-RS12T1-20I,000414-01,43E
140380,ワイヤレスコネクター１２Ｐ・ツール側　,OX-RS-121LB-I,000414-01,E02C
140381,ワイヤレスコネクター１２Ｐ・ツール側　,OXR-RS-12120-I,000414-01,47E
140382,チャックワンタッチ・手動・ロボット側　,OM-50,000414-01,E03C
140383,チャックワンタッチ・手動・ツール側　　,OM-50I,000414-01,1Fﾐﾅﾐ04F
140384,チャックワンタッチ・手動・ロボット側　,OM-90,000414-01,1Fﾐﾅﾐ03A
140385,チャックワンタッチ・手動・ツール側　　,OM-90I,000414-01,1Fﾐﾅﾐ03B
140388,プローブコネクター取付ブラケット　　　,OMR-CBX20,000414-01,42C
140391,エアーオプション（ＯＸ用）　　　　　　,OX-SCA-10,000414-01,KUNIMORI-E
140392,エアーオプション（ＯＸ用）　　　　　　,OX-SCIA-10,000414-01,29B
140393,プローブコネクター０５Ａ・ロボット側　,OXR-MPS0508,000414-01,44B
140394,プローブコネクター１３Ａ・ロボット側　,OXR-MPS1304,000414-01,KUNIMORI2C
140395,プローブコネクター０５Ａ・ツール側　　,OXR-MPS0508-I,000414-01,44B
140396,プローブコネクター１３Ａ・ツール側　　,OXR-MPS1304-I,000414-01,KUNIMORI2B
140397,プローブコネクター取付スペーサー　　　,OXR-PCS,000414-01,1Fﾐﾅﾐ02B
140398,多関節用ツールチェンジャー・ロボット側,OX-35B,000414-01,1Fﾐﾅﾐ03A
140399,多関節用ツールチェンジャー・ロボット側,OX-35BT,000414-01,1Fﾐﾅﾐ03E
140429,プローブコネクター０５Ａ・ロボット側　,OXR-MPS0505,000414-01,44B
140430,プローブコネクター０５Ａ・ツール側　　,OXR-MPS0505-I,000414-01,44B
140431,エアーオプション（ＯＸ用）　　　　　　,OX-LCA-14,000414-01,NEW-EINS
140432,エアーオプション（ＯＸ用）　　　　　　,OX-LCIA-14,000414-01,NEW-EINS
140433,エアーオプション（ＯＸ用）　　　　　　,OX-LCA-5,000414-01,NEW-EINS
140434,エアーオプション（ＯＸ用）　　　　　　,OX-LCIA-5,000414-01,NEW-EINS
140435,ツールチェンジャー・ロボット側　　　　,OX-LBHN,000414-01,1Fﾐﾅﾐ06C
140436,ツールチェンジャー・ツール側　　　　　,OX-LBHNI,000414-01,1Fﾐﾅﾐ06A
140437,ツールチェンジャー・ロボット側　　　　,OX-LBH,000414-01,1Fﾐﾅﾐ06D
140438,ツールチェンジャー・ツール側　　　　　,OX-LBHI,000414-01,1Fﾐﾅﾐ06A
140451,ツールチェンジャー用　変換アダプタ　　,OXR-ADP010-030-4M5,000414-01,NEW-EINS
140452,ツールチェンジャー用　変換アダプタ　　,OXR-ADP010-050-4M6,000414-01,NEW-EINS
140453,ツールチェンジャー用　変換アダプタ　　,OXR-ADP010-063-4M6,000414-01,NEW-EINS
150182,パッキン　　　　　　　　　　　　　　　,P-21,000414-01,32D
150203,パッキン　　　　　　　　　　　　　　　,P-44,000414-01,32D
150219,パッキン　　　　　　　　　　　　　　　,P-65,000414-01,20C
150361,パッキン　　　　　　　　　　　　　　　,PDU-20Z,000414-01,31C
150786,増圧ユニット　　　　　　　　　　　　　,P-30,000414-01,50C
150793,増圧ユニット　　　　　　　　　　　　　,P-20,000414-01,47B
150931,パッキン　　　　　　　　　　　　　　　,PDU-10Z,000414-01,10C
151064,パッキン　　　　　　　　　　　　　　　,PPD-50,000414-01,06C
151130,パッキン　　　　　　　　　　　　　　　,PPD-25,000414-01,32D
151349,継手　　　　　　　　　　　　　　　　　,PF-M4,000414-01,E02E
152284,パッキン　　　　　　　　　　　　　　　,PDU-25Z,000414-01,25B
152306,手動押ボタン　　　　　　　　　　　　　,PBW1-E,000414-01,17C
152307,押ボタンキャップ　　　　　　　　　　　,PB1-C,000414-01,29A
152308,押ボタン型バルブ　　　　　　　　　　　,PB1-E,000414-01,19D
152312,電源通信ＩＯユニット（１６）　　　　　,E-PCIO-UNIT 16,000414-01,46D
152313,電源通信ＩＯユニット（３２）　　　　　,E-PCIO-UNIT 32,000414-01,1Fﾐﾅﾐ07E
152314,ＰＣＩＯハーネス　０３　　　　　　　　,E-PCIO-HNS03,000414-01,49C
152324,タグ付インシュロック（１００本入）　　,PLF1M-C,000414-01,49D
152547,Ｏリング　　　　　　　　　　　　　　　,P5(C000002-S7),000414-01,47B
152561,ステンレス鋼球　　　　　　　　　　　　,PHI.10,000414-01,44D
152689,Ｏリング　　　　　　　　　　　　　　　,P8 NBR-70,000414-01,50E
152741,パッキン　　　　　　　　　　　　　　　,PPD-75,000414-01,KUNIMORI-E
152755,ステンレス鋼球　　　　　　　　　　　　,PHI.11,000414-01,50A
152781,プラグインロボットハンド　　　　　　　,PIRH-HC20-F,000414-01,18B
152782,プラグインロボットハンド　　　　　　　,PIRH-HC20-Y,000414-01,18C
152783,ＯＰＴＩＯＮツメＡ　　　　　　　　　　,PIRH-HC20/OPA,000414-01,10C
152784,ＯＰＴＩＯＮツメＢ　　　　　　　　　　,PIRH-HC20/OPB,000414-01,16B
171210,樹脂固定φ１２（タイバンド）　　　　　,RCA12,000414-01,37D
171211,樹脂固定φ２０（タイバンド）　　　　　,RCA20,000414-01,32B
171212,樹脂固定φ１２（Ｍ４）　　　　　　　　,RCB12,000414-01,09C
171213,樹脂固定φ２０（Ｍ４）　　　　　　　　,RCB20,000414-01,09C
171227,ランナーモジュール（チャック無）　　　,RM-08,000414-01,E03D
171228,ランナーモジュール（チャック無）　　　,RM-12,000414-01,26D
171229,ランナーモジュール（チャック無）　　　,RM-20,000414-01,33D
171292,３芯ケーブル（５ｍ巻き袋詰め）　　　　,RMCV-O  0.3SQ*3C 5M,000414-01,40D
171330,ワイヤレスセンサー　　　　　　　　　　,RS04E-F1N-PU02,000414-01,46D
171331,ワイヤレスセンサー　　　　　　　　　　,RS04T-F1-PU01,000414-01,1Fﾐﾅﾐ01E
171332,ワイヤレスセンサー　　　　　　　　　　,RS12E-422N-PU-02,000414-01,47D
171333,ワイヤレスセンサー　　　　　　　　　　,RS12T-422-PU-01,000414-01,E02E
171338,パイプエンドキャップ（黒）・φ８　　　,R-CAP-8,000414-01,23C
171339,パイプエンドキャップ（黒）・φ１２　　,R-CAP-12,000414-01,18B
171340,パイプエンドキャップ（黒）・φ２０　　,R-CAP-20,000414-01,04B
171372,ロボットハンド　　　　　　　　　　　　,RHK10-150,000414-01,1Fﾐﾅﾐ03E
171373,ロボットハンド　　　　　　　　　　　　,RHK10-200,000414-01,66(4F)A
171374,ロボットハンド　　　　　　　　　　　　,RHK10-250,000414-01,66(4F)C
171375,取付フランジ　　　　　　　　　　　　　,RHK10-FA,000414-01,50B
171376,取付フランジ　　　　　　　　　　　　　,RHK10-FB,000414-01,50C
181139,スターセンサー　　　　　　　　　　　　,SSW-15,000414-01,06D
183066,コンベアベルト　　　　　　　　　　　　,SEC2000-3,000414-01,2Fｲ19-03B
183068,コンベアベルト　　　　　　　　　　　　,SEC3000-3,000414-01,2Fｲ19-03C
183070,コンベアベルト　　　　　　　　　　　　,SEC2000-4,000414-01,1Fｲ26-01B
183072,コンベアベルト　　　　　　　　　　　　,SEC3000-4,000414-01,1Fｲ26-01B
183075,コンベアベルト　　　　　　　　　　　　,SEC2000-5,000414-01,2Fｲ19-03A
183076,コンベアベルト　　　　　　　　　　　　,SEC3000-5,000414-01,1Fｲ26-01B
183077,コンベアベルト　　　　　　　　　　　　,SEC4000-5,000414-01,2Fｲ19-03A
183080,コンベアベルト　　　　　　　　　　　　,SEC3000-6,000414-01,2Fｲ19-03B
183222,ＳＫＭバインダー　１００個入　　　　　,SKM-20,000414-01,38B
183223,ＳＫＭバインダー　１００個入　　　　　,SKM-30,000414-01,KUNIMORI-C
183797,フラッド真空パット・マークレス・青　　,SQN 5 HT1-M5 M,000414-01,1Fﾐﾅﾐ03B
183798,フラッド真空パット・マークレス・青　　,SQN 6 HT1-M5 M,000414-01,E03D
183799,フラッド真空パット・マークレス・青　　,SQN 8 HT1-M5 M,000414-01,KUNIMORI-C
183800,フラッド真空パット・マークレス・青　　,SQN 10 HT1-M5 M,000414-01,1Fﾐﾅﾐ01C
183801,フラッド真空パット・マークレス・青　　,SQN 15 HT1-M5 M,000414-01,10D
183802,フラッド真空パット・マークレス・青　　,SQN 20 HT1-M5M,000414-01,1Fﾐﾅﾐ01E
183803,フラッド真空パット・マークレス・青　　,SQN 25 HT1-PT1/8M,000414-01,49C
183804,フラッド真空パット・マークレス・青　　,SQN 30 HT1-PT1/8M,000414-01,1Fﾐﾅﾐ04A
183805,フラッド真空パット・マークレス・青　　,SQN 35 HT1-PT1/8M,000414-01,1Fﾐﾅﾐ03E
183806,フラッド真空パット・マークレス・青　　,SQN 40 HT1-PT1/8M,000414-01,1Fﾐﾅﾐ04A
183807,フラッド真空パット・マークレス・青　　,SQN 50 HT1-PT1/8M,000414-01,49F
183808,フラッド真空パット・マークレス・青　　,SQN 60 HT1-PT1/8 M,000414-01,43B
183809,フラッド真空パット・マークレス・青　　,SQN 80 HT1-PT1/8 M,000414-01,43B
183811,吸着パッド（マークレスゴム）　　　　　,SQ 6 HT1,000414-01,KUNIMORI-D
183823,フラット真空パッド・シリコン・白濁透明,SQN 1 SI-M3 M,000414-01,E03C
183824,フラット真空パッド・シリコン・白濁透明,SQN 1.5 SI-M3 M,000414-01,34A
183825,フラット真空パッド・シリコン・白濁透明,SQN 2 SI-M3 M,000414-01,18B
183826,フラット真空パッド・シリコン・白濁透明,SQN 3.5 SI-M3 M,000414-01,12C
183827,フラット真空パッド・シリコン・白濁透明,SQN 5 SI-M5 M,000414-01,32B
183828,フラット真空パッド・シリコン・白濁透明,SQN 6 SI-M5 M,000414-01,27C
183829,フラット真空パッド・シリコン・白濁透明,SQN 8 SI-M5 M,000414-01,E01A
183830,フラット真空パッド・シリコン・白濁透明,SQN 10 SI-M5 M,000414-01,11D
183831,フラット真空パッド・シリコン・白濁透明,SQN 15 SI-M5 M,000414-01,34A
183832,フラット真空パッド・シリコン・白濁透明,SQN 20 SI-M5 M,000414-01,34A
183833,フラット真空パッド・シリコン・白濁透明,SQN 25 SI-PT1/8 M,000414-01,50B
183834,フラット真空パッド・シリコン・白濁透明,SQN 30 SI-PT1/8 M,000414-01,49D
183835,フラット真空パッド・シリコン・白濁透明,SQN 35 SI-PT1/8 M,000414-01,46E
183836,フラット真空パッド・シリコン・白濁透明,SQN 40 SI-PT1/8 M,000414-01,42A
183837,フラット真空パッド・シリコン・白濁透明,SQN 50 SI-PT1/8 M,000414-01,45A
183838,フラット真空パッド・シリコン・白濁透明,SQN 60 SI-PT1/8 M,000414-01,42B
183839,フラット真空パッド・シリコン・白濁透明,SQN 80 SI-PT1/8 M,000414-01,45D
183842,吸着パッド（シリコンゴム）　　　　　　,SQ 2 SI,000414-01,1Fﾐﾅﾐ02B
183843,吸着パッド（シリコンゴム）　　　　　　,SQ 3.5 SI,000414-01,27D
183844,吸着パッド（シリコンゴム）　　　　　　,SQ 5 SI,000414-01,KUNIMORI-D
183845,吸着パッド（シリコンゴム）　　　　　　,SQ 6 SI,000414-01,KUNIMORI-D
183846,吸着パッド（シリコンゴム）　　　　　　,SQ 8 SI,000414-01,E02D
183847,吸着パッド（シリコンゴム）　　　　　　,SQ 10 SI,000414-01,KUNIMORI-D
183849,吸着パッド（シリコンゴム）　　　　　　,SQ 20 SI,000414-01,43D
183857,ベローズパッド・マークレス・青１．５段,SFSGA 11 HT1-M5 M,000414-01,41B
183858,ベローズパッド・マークレス・青１．５段,SFSGA 14 HT1-M5 M,000414-01,37C
183859,ベローズパッド・マークレス・青１．５段,SFSGA 16 HT1-M5 M,000414-01,34D
183860,ベローズパッド・マークレス・青１．５段,SFSGA 20 HT1-M5 M,000414-01,25D
183861,ベローズパッド・マークレス・青１．５段,SFSGA 22 HT1-M5 M,000414-01,29B
183862,ベローズパッド・マークレス・青１．５段,SFSGA 33 HT1-PT1/8 M,000414-01,25D
183863,ベローズパッド・マークレス・青１．５段,SFSGA 43 HT1-PT1/8 M,000414-01,24B
183864,ベローズパッド・マークレス・青１．５段,SFSGA 53 HT1-PT1/8 M,000414-01,32B
183874,ベローズパッド・シリコン・白透１．５段,SFSGA 11 SI-M5 M,000414-01,07C
183875,ベローズパッド・シリコン・白透１．５段,SFSGA 14 SI-M5 M,000414-01,24C
183876,ベローズパッド・シリコン・白透１．５段,SFSGA 16 SI-M5 M,000414-01,12D
183877,ベローズパッド・シリコン・白透１．５段,SFSGA 20 SI-M5 M,000414-01,39A
183878,ベローズパッド・シリコン・白透１．５段,SFSGA 22 SI-M5 M,000414-01,11B
183879,ベローズパッド・シリコン・白透１．５段,SFSGA 33 SI-PT1/8 M,000414-01,26C
183880,ベローズパッド・シリコン・白透１．５段,SFSGA 43 SI-PT1/8 M,000414-01,27B
183881,ベローズパッド・シリコン・白透１．５段,SFSGA 53 SI-PT1/8 M,000414-01,80(ﾐﾅﾐ)C
183882,ベローズパッド・シリコン・白透１．５段,SFSGA 63 SI-PT1/8 M,000414-01,1Fﾐﾅﾐ02B
183887,吸着パッド（１．５段シリコンゴム）　　,SFGA 22 SI,000414-01,49E
183888,吸着パッド（１．５段シリコンゴム）　　,SFGA 25 SI,000414-01,43A
183889,吸着パッド（１．５段シリコンゴム）　　,SFGA 33 SI,000414-01,47B
183890,吸着パッド（１．５段シリコンゴム）　　,SFGA 43 SI,000414-01,47A
183893,ベローズパッド・マークレス・青２．５段,SFSG 9 HT1-M5 M,000414-01,28C
183894,ベローズパッド・マークレス・青２．５段,SFSG 12 HT1-M5 M,000414-01,E01C
183895,ベローズパッド・マークレス・青２．５段,SFSG 14 HT1-M5 M,000414-01,38C
183896,ベローズパッド・マークレス・青２．５段,SFSG 18 HT1-M5 M,000414-01,39B
183897,ベローズパッド・マークレス・青２．５段,SFSG 20 HT1-M5 M,000414-01,01C
183898,ベローズパッド・マークレス・青２．５段,SFSG 25 HT1-PT1/8 M,000414-01,1Fﾐﾅﾐ03B
183899,ベローズパッド・マークレス・青２．５段,SFSG 32 HT1-PT1/8 M,000414-01,16D
183900,ベローズパッド・マークレス・青２．５段,SFSG 42 HT1-PT1/8 M,000414-01,39A
183901,吸着パッド（２．５段マークレスゴム）　,SFG 9 HT1,000414-01,43B
183907,吸着パッド（２．５段マークレスゴム）　,SFG 32 HT1,000414-01,KUNIMORI-E
183909,ベローズパッド・シリコン・白透２．５段,SFSG 5 SI-M5 M,000414-01,13C
183910,ベローズパッド・シリコン・白透２．５段,SFSG 7 SI-M5 M,000414-01,08B
183911,ベローズパッド・シリコン・白透２．５段,SFSG 9 SI-M5 M,000414-01,22B
183912,ベローズパッド・シリコン・白透２．５段,SFSG 12 SI-M5 M,000414-01,26B
183913,ベローズパッド・シリコン・白透２．５段,SFSG 14 SI-M5 M,000414-01,27C
183914,ベローズパッド・シリコン・白透２．５段,SFSG 18 SI-M5 M,000414-01,1Fﾐﾅﾐ02C
183915,ベローズパッド・シリコン・白透２．５段,SFSG 20 SI-M5 M,000414-01,39C
183916,ベローズパッド・シリコン・白透２．５段,SFSG 25 SI-PT1/8 M,000414-01,E02D
183917,ベローズパッド・シリコン・白透２．５段,SFSG 32 SI-PT1/8 M,000414-01,31B
183918,ベローズパッド・シリコン・白透２．５段,SFSG 42 SI-PT1/8 M,000414-01,1Fﾐﾅﾐ02E
183919,ベローズパッド・シリコン・白透２．５段,SFSG 52 SI-PT1/8 M,000414-01,38C
183920,ベローズパッド・シリコン・白透２．５段,SFSG 62 SI-PT1/8 M,000414-01,38D
183921,吸着パッド（２．５段シリコンゴム）　　,SFG 5 SI,000414-01,22C
183922,吸着パッド（２．５段シリコンゴム）　　,SFG 7 SI,000414-01,02D
183923,吸着パッド（２．５段シリコンゴム）　　,SFG 9 SI,000414-01,16C
183924,吸着パッド（２．５段シリコンゴム）　　,SFG 12 SI,000414-01,33B
183925,吸着パッド（２．５段シリコンゴム）　　,SFG 14 SI,000414-01,43E
183926,吸着パッド（２．５段シリコンゴム）　　,SFG 20 SI,000414-01,48A
183928,吸着パッド（２．５段シリコンゴム）　　,SFG 32 SI,000414-01,49B
183932,長円パッド・マークレス・青　　　　　　,SSGON 2*4 HT1-M3 M,000414-01,46E
183933,長円パッド・マークレス・青　　　　　　,SSGON 3.5*7 HT1-M3 M,000414-01,E03A
183934,長円パッド・マークレス・青　　　　　　,SSGON 5*15 HT1-M5 M,000414-01,38B
183935,長円パッド・マークレス・青　　　　　　,SSGON 6*18 HT1-M5 M,000414-01,25B
183936,長円パッド・マークレス・青　　　　　　,SSGON 8*24 HT1-PT1/8 M,000414-01,KUNIMORI-C
183937,長円パッド・マークレス・青　　　　　　,SSGON 10*30 HT1-PT1/8 M,000414-01,40D
183938,長円パッド・マークレス・青　　　　　　,SSGON 15*45 HT1-PT1/8 M,000414-01,KUNIMORI-C
183977,真空グリッパー・７６×２２・１０ｍｍ　,SFM-76/22-SW-10-B,000414-01,KUNIMORI-E
183978,スポンジシール・７６×２２バルブ無　　,SFMSEAL76/22SW10BW/OV,000414-01,47C
183979,真空グリッパー・１２０×６０・１０ｍｍ,SFX-120/60-SW-1.5-10-B,000414-01,43C
183980,スポンジシール・１２０×６０バルブ無　,SFXFMSEAL120/60SW10BW/OV,000414-01,47C
183988,プラスチックエジェクター　　　　　　　,SSBP-10-S2-SDA,000414-01,33D
183989,プラスチックエジェクター　　　　　　　,SSBP-15-S2-SDA,000414-01,E02D
183990,クリップマウント　　　　　　　　　　　,SBEF-PL-110*45,000414-01,43A
183991,プラスチックエジェクター　　　　　　　,SSBP-20-S3-SDA,000414-01,46C
183993,ベローズパッド・マークレス・青１．５段,SFSGA 25 HT1-PT1/8 M,000414-01,32B
183994,ベローズパッド・シリコン・白透１．５段,SFSGA 25 SI-PT1/8 M,000414-01,E01C
184150,小型チェックバルブ・真空パット用　　　,SSVK-M5,000414-01,1Fﾐﾅﾐ01C
184151,小型チェックバルブ・真空パット用　　　,SSVK-G1/8,000414-01,47C
184474,パッキン　　　　　　　　　　　　　　　,S6(C00503-A00X8),000414-01,E02C
184565,ウェアリング　　　　　　　　　　　　　,SWA-50,000414-01,31A
184608,ウェアリング　　　　　　　　　　　　　,SWA-25,000414-01,02C
184609,ウェアリング　　　　　　　　　　　　　,SWA-75,000414-01,31A
185124,レッツＳＵＳ・角パイプ　　　　　　　　,S10*20*1500,000414-01,65(4F)A
185125,レッツＳＵＳ・角パイプ　　　　　　　　,S25*25*1500,000414-01,65(4F)A
185126,角クロスコネクター・１０－２０　　　　,S-CROSS 10-20,000414-01,66(4F)B
185127,角クロスコネクター・２５－２５　　　　,S-CROSS 25-25,000414-01,E01B
185128,アタッチブラケット・１０－２０・Ｍ６　,S-ATBR 10-20･M6,000414-01,46D
185129,角スライドブラケット・１０－２０　　　,S-SLBR10-20,000414-01,50B
185130,角スライドブラケット・２０－１０　　　,S-SLBR20-10,000414-01,47D
185131,角スライドブラケット・２５－２５　　　,S-SLBR25-25,000414-01,38C
185132,角ブラケット・１０・ＭＣＤ　　　　　　,S-BR10 MCD,000414-01,66(4F)D
185133,角ブラケット・２０・ＭＣＤ　　　　　　,S-BR20 MCD,000414-01,1Fﾐﾅﾐ07B
185134,角ブラケット・２５・ＭＣＤ　　　　　　,S-BR25 MCD,000414-01,1Fﾐﾅﾐ08B
185135,変換ブロック・２５－φ２０　　　　　　,S-CBL25-D20,000414-01,38A
185136,変換ブロック・２５－１０－２０　　　　,S-CBL25-10-20,000414-01,47D
185218,パイプエンドキャップ・２５＊２５　　　,S-CAP 25-25,000414-01,E03D
185219,パイプエンドキャップ・１０＊２０　　　,S-CAP 10-20,000414-01,42D
185221,コイルスプリング　　　　　　　　　　　,SAWANE5115,000414-01,48E
186265,フィルタエレメントサービスキット　　　,SC3-FE,000414-01,E03A
186266,サイレンサエレメントサービスキット　　,SC3-SE01,000414-01,E02C
186738,Ｏリング　　　　　　　　　　　　　　　,SS3(C03700-A0),000414-01,47A
187038,両口スパナセット　　　　　　　　　　　,SMS621H,000414-01,E03C
187039,極薄スパナセット　　　　　　　　　　　,SNT-0550,000414-01,1Fﾐﾅﾐ01D
187128,スペーサー　　　　　　　　　　　　　　,SP-S5-6,000414-01,18D
187222,長円パッド・シリコン・白　　　　　　　,SSGON-4*2-SI-65-M3-M,000414-01,26C
187223,長円パッド・シリコン・白　　　　　　　,SSGON-7*3.5-SI-65-M3-M,000414-01,05B
187224,長円パッド・シリコン・白　　　　　　　,SSGON-15*5-SI-65-M5-M,000414-01,23D
187225,長円パッド・シリコン・白　　　　　　　,SSGON-30*10-SI-65-PT1/8-M,000414-01,42E
187226,長円パッド・シリコン・白　　　　　　　,SSGON-45*15-SI-65-PT1/8-M,000414-01,KUNIMORI-A
187227,吸着パッド（長円シリコンゴム）　　　　,SSGO-4*2-SI-65,000414-01,49B
187228,吸着パッド（長円シリコンゴム）　　　　,SSGO-7*3.5-SI-65,000414-01,E01A
187229,吸着パッド（長円シリコンゴム）　　　　,SSGO-15*5-SI-65,000414-01,KUNIMORI-E
187562,吸着パッド・薄鋼板用（ネジ付）　　　　,SSAXM-30-ED85-PT1/8AGJNT,000414-01,43C
187563,吸着パッド・薄鋼板用（ネジ付）　　　　,SSAXM-40-ED85-PT1/8AGJNT,000414-01,44A
187564,吸着パッド・薄鋼板用（ネジ付）　　　　,SSAXM-50-ED85-PT1/8AGJNT,000414-01,48F
187565,吸着パッド・薄鋼板用（ネジ付）　　　　,SSAXM-60-ED85-PT1/8AGJNT,000414-01,1Fﾐﾅﾐ03A
187566,吸着パッド・薄鋼板用（ネジ付）　　　　,SSAXM-80-ED85-PT1/8AGJNT,000414-01,49D
187567,吸着パッド・薄鋼板用（ネジ付）　　　　,SSAXM-100-ED85-PT1/8AGJNT,000414-01,44A
187568,吸着パッド・薄鋼板用（ネジ付）　　　　,SSAXM-115-ED85-PT1/8AGJNT,000414-01,KUNIMORI2D
187586,プラスチックニッパ（限定品）　　　　　,SPN130F,000414-01,1Fﾐﾅﾐ02A
187587,メリーカッタ　　　　　　　　　　　　　,SX10-210,000414-01,1Fﾐﾅﾐ02A
187588,ダクトカッタ　　　　　　　　　　　　　,SX15-210,000414-01,48C
187589,メリーカッタ　　　　　　　　　　　　　,SX5-195,000414-01,1Fﾐﾅﾐ02A
187771,ソレノイドバルブ　　　　　　　　　　　,SY3140T-5LOZ,000414-01,22D
187772,ソレノイドバルブ　　　　　　　　　　　,SY3240T-5LOZ,000414-01,06D
187827,ソフトラロボ（柔軟指）　　　　　　　　,SF-2F12-A,000414-01,1Fﾐﾅﾐ07A
190002,スピコン　　　　　　　　　　　　　　　,SCO,000414-01,42A
190009,レギュレーター　　　　　　　　　　　　,RSR,000414-01,1Fﾐﾅﾐ01B
190106,継手　　　　　　　　　　　　　　　　　,PF,000414-01,02B
190107,継手　　　　　　　　　　　　　　　　　,NF,000414-01,11C
190108,継手　　　　　　　　　　　　　　　　　,BF-6,000414-01,01C
190109,継手　　　　　　　　　　　　　　　　　,BF-5,000414-01,07D
190110,継手　　　　　　　　　　　　　　　　　,EF,000414-01,22B
190111,継手　　　　　　　　　　　　　　　　　,TF,000414-01,01D
190112,継手　　　　　　　　　　　　　　　　　,RBF,000414-01,08D
190113,継手　　　　　　　　　　　　　　　　　,RBF-1,000414-01,34C
190508,チューブカッター　　　　　　　　　　　,TK-1,000414-01,39B
193511,吸着パッド・ＴＲ・φ６・茶・スモール　,TR-1062-1(ｼﾘｺﾝ),000414-01,13B
193512,吸着パッド・ＴＲ・φ８・茶・スモール　,TR-1062-2(ｼﾘｺﾝ),000414-01,09C
193564,ポリウレタンチューブ・青　　　　　　　,TU0425BU-20,000414-01,24D
193566,ポリウレタンチューブ・青　　　　　　　,TU0604BU-20,000414-01,10D
196135,吸着パッド・ＴＲ・φ１０・茶・スモール,TR-1062-3(ｼﾘｺﾝ),000414-01,01B
196136,吸着パッド・ＴＲ・φ１２・茶・スモール,TR-1062-4(ｼﾘｺﾝ),000414-01,12B
196277,ポリウレタンチューブ・黒・マイクロ用　,TU0425B-20,000414-01,20D
196278,ポリウレタンチューブ・黒　　　　　　　,TU0604B-20,000414-01,10D
196327,吸着パッド・ＴＲ・φ６・茶・ミニ　　　,TR-1062-1M(ｼﾘｺﾝ),000414-01,01B
196342,吸着パッド・ＴＲ・φ８・茶・ミニ　　　,TR-1062-2M(ｼﾘｺﾝ),000414-01,02B
196372,強化自在チャックレール（長尺加工無）　,T-1-2000L,000414-01,MX
196397,吸着パッド・ＴＲＮ・φ１２・緑・ミニ　,TRN-1062-4M(ﾆﾄﾘﾙ),000414-01,E01D
196398,吸着パッド・ＴＲＮ・φ１２・緑スモール,TRN-1062-4(ﾆﾄﾘﾙ),000414-01,33B
196399,吸着パッド・ＴＲＮ・φ１０・緑・ミニ　,TRN-1062-3M(ﾆﾄﾘﾙ),000414-01,22D
196400,吸着パッド・ＴＲＮ・φ１０・緑スモール,TRN-1062-3(ﾆﾄﾘﾙ),000414-01,28D
196401,吸着パッド・ＴＲＮ・φ８・緑・ミニ　　,TRN-1062-2M(ﾆﾄﾘﾙ),000414-01,29A
196402,吸着パッド・ＴＲＮ・φ８・緑・スモール,TRN-1062-2(ﾆﾄﾘﾙ),000414-01,KUNIMORI-B
196403,吸着パッド・ＴＲＮ・φ６・緑・ミニ　　,TRN-1062-1M(ﾆﾄﾘﾙ),000414-01,37B
196404,吸着パッド・ＴＲＮ・φ６・緑・スモール,TRN-1062-1(ﾆﾄﾘﾙ),000414-01,1Fﾐﾅﾐ03C
196405,吸着パッド・ＴＲ・φ１２・茶・ミニ　　,TR-1062-4M(ｼﾘｺﾝ),000414-01,12B
196406,吸着パッド・ＴＲ・φ１０・茶・ミニ　　,TR-1062-3M(ｼﾘｺﾝ),000414-01,01B
196513,ポリウレタンチューブ・赤　　　　　　　,TU0425R-20,000414-01,26D
196514,ポリウレタンチューブ・黄　　　　　　　,TU0425Y-20,000414-01,15D
196515,ポリウレタンチューブ・緑　　　　　　　,TU0425G-20,000414-01,16C
196516,ポリウレタンチューブ・白　　　　　　　,TU0425W-20,000414-01,15C
196517,ポリウレタンチューブ・赤　　　　　　　,TU0604R-20,000414-01,25C
196518,ポリウレタンチューブ・黄　　　　　　　,TU0604Y-20,000414-01,03D
196519,ポリウレタンチューブ・緑　　　　　　　,TU0604G-20,000414-01,31D
196520,ポリウレタンチューブ・白　　　　　　　,TU0604W-20,000414-01,15B
196530,ソフトポリウレタンチューブ・白　　　　,TUS0425W-20,000414-01,40D
196531,ソフトポリウレタンチューブ・白　　　　,TUS0604W-20,000414-01,14D
196532,ハンガーツール　　　　　　　　　　　　,TS,000414-01,1Fﾐﾅﾐ01C
196533,ハンガーツール　　　　　　　　　　　　,TSA,000414-01,E03B
196559,クリップ・ＴＭＡ・φ２０＊φ２０　　　,TMA-CL (20*20),000414-01,06D
196560,クリップ・ＴＭＡ・φ２０＊φ１２　　　,TMA-CL (20*12),000414-01,12D
196561,クリップ・ＴＭＡ・φ１２＊φ１２　　　,TMA-CL (12*12),000414-01,14B
196562,クリップ・ＴＭＡ・φ１２＊φ８　　　　,TMA-CL (12*8),000414-01,E02D
196563,クリップ・ＴＭＡ・φ８＊φ８　　　　　,TMA-CL (8*8),000414-01,1Fﾐﾅﾐ02C
196564,クリップ・ＴＭＡ・φ１２＊φ１０　　　,TMA-CL (12*10),000414-01,07C
196575,近接スイッチ（コネクタ付）　　　　　　,TL-Q5MC1-XMR,000414-01,23C
196636,ネオチャックハンガー・ツール側　　　　,TNE-48I,000414-01,46D
196637,ネオチャックハンガー・ツール側　　　　,TNE-SI,000414-01,49F
196638,オートスイッチ　　　　　　　　　　　　,T0H-XMR,000414-01,1Fﾐﾅﾐ03D
196656,ハンガーツール　　　　　　　　　　　　,TLA1,000414-01,1Fﾐﾅﾐ07E
196727,ネオチャックハンガー・ツール側　　　　,TNE-SLI,000414-01,1Fﾐﾅﾐ08E
196749,接続端子　　　　　　　　　　　　　　　,TMEDN480509-FA,000414-01,34A
196855,近接スイッチ異周波仕様（コネクタ付）　,TL-Q5MC15-XMR,000414-01,47C
197169,板ラチェットドライバー　　　　　　　　,TD-76,000414-01,KUNIMORI-C
197170,精密ドライバーセット　　　　　　　　　,TD-56,000414-01,1Fﾐﾅﾐ04B
197171,オープンスパナセット　　　　　　　　　,TS-05,000414-01,43E
197172,ラチェット式チューブカッター　　　　　,TTCR-322T,000414-01,43A
197173,パイプリーマー（銅管・ステンレス管用）,TSR-2,000414-01,KUNIMORI2D
197174,アルミ合金バイス　　　　　　　　　　　,TAB-70,000414-01,1Fﾐﾅﾐ03F
197258,三爪チャック　　　　　　　　　　　　　,TCC-16,000414-01,1Fﾐﾅﾐ04F
197259,三爪チャック　　　　　　　　　　　　　,TCC-25,000414-01,42E
197260,三爪チャック　　　　　　　　　　　　　,TCC-32,000414-01,48F
197348,デジタル表示新トランス　　　　　　　　,TRF100D,000414-01,1Fﾐﾅﾐ02A
197364,アインツツールチェンジャー・フライヤー,(E) TOOL CHANGER OX,000414-01,3Fｶﾀﾛｸﾞ(J)
197509,吸着パッド・ＴＲＳ・φ６・スモール　　,TRS-1062-1,000414-01,13B
197510,吸着パッド・ＴＲＳ・φ８・スモール　　,TRS-1062-2,000414-01,09C
197511,吸着パッド・ＴＲＳ・φ１０・スモール　,TRS-1062-3,000414-01,01B
197512,吸着パッド・ＴＲＳ・φ１２・スモール　,TRS-1062-4,000414-01,12B
197513,吸着パッド・ＴＲＳ・φ６・ミニ　　　　,TRS-1062-1M,000414-01,01B
197514,吸着パッド・ＴＲＳ・φ８・ミニ　　　　,TRS-1062-2M,000414-01,02B
197515,吸着パッド・ＴＲＳ・φ１２・ミニ　　　,TRS-1062-4M,000414-01,12B
197516,吸着パッド・ＴＲＳ・φ１０・ミニ　　　,TRS-1062-3M,000414-01,01B
197537,パットインパッドテストキット（２）　　,TEST KIT VERSION (2),000414-01,E01E
200039,ウレタンチューブ　　　　　　　　　　　,UF4.5*2.7 (5M),000414-01,11D
200040,ウレタンチューブ　　　　　　　　　　　,UF6*4 (5M),000414-01,07B
200112,ウレタンチューブ　　　　　　　　　　　,UF6*4 (20M),000414-01,35E
200113,ウレタンチューブ　　　　　　　　　　　,UF4.5*2.7 (20M),000414-01,20E
200122,マイクロミニシリンダー　　　　　　　　,UMCD-5,000414-01,05D
200123,マイクロミニシリンダー　　　　　　　　,UMCD-10,000414-01,04D
200124,マイクロミニシリンダー・スリム型　　　,UMCD-5P,000414-01,17D
200125,マイクロミニシリンダー・スリム型　　　,UMCD-10P,000414-01,19B
200223,コイルスプリング　　　　　　　　　　　,UR5-10,000414-01,42C
200254,スライドスプリング（ＮＷ－５０用）　　,UM8-25,000414-01,47F
200255,スライドスプリング（ＮＷ－５０Ｒ用）　,UM13-25,000414-01,49F
200257,コイルスプリング　　　　　　　　　　　,UR8-15,000414-01,1Fﾐﾅﾐ01B
200260,マイクロミニシリンダー（引込）　　　　,UMCD-5T,000414-01,KUNIMORI-B
200261,マイクロミニシリンダー（引込）　　　　,UMCD-10T,000414-01,32C
200263,コンビハンマー　　　　　　　　　　　　,UD7-10,000414-01,1Fﾐﾅﾐ06D
200320,コイルスプリング　　　　　　　　　　　,UR10-10,000414-01,50B
200335,ブレード固定Ｕナット（ＮＷ１ー５０用）,U-NUT (NW1-50-M4),000414-01,KUNIMORI2B
210044,吸着パッド・ビス止・フリー・シリコン茶,VAPH-60F-2(ｼﾘｺﾝ),000414-01,1Fﾐﾅﾐ04D
210192,吸着パッド・埋込み式・シリコン・茶　　,VAPH-12C,000414-01,01D
210193,吸着パッド・埋込み式・シリコン・茶　　,VAPH-15C,000414-01,15C
210194,吸着パッド・埋込み式・シリコン・茶　　,VAPH-20C,000414-01,18D
210195,吸着パッド・埋込み式・シリコン・茶　　,VAPH-30C,000414-01,04C
210196,吸着パッド・埋込み式・シリコン・茶　　,VAPH-40C,000414-01,21D
210280,吸着パッド・フリー・シリコン・茶　　　,VAPH-12C-2,000414-01,18B
210310,吸着パッド・フリー・シリコン・茶　　　,VAPH-20C-2,000414-01,07D
210311,吸着パッド・ビス止式・シリコン・茶　　,VAPH-60F,000414-01,E02B
210389,吸着パッド・十字・シリコン・茶　　　　,VAPH-15C-1,000414-01,05B
210390,吸着パッド・十字・シリコン・茶　　　　,VAPH-20C-1,000414-01,18C
210395,吸着パッド・埋込式・ウレタン・乳白　　,VAPU-6C,000414-01,E01D
210396,吸着パッド・埋込式・ウレタン・乳白　　,VAPU-8C,000414-01,1Fﾐﾅﾐ03A
210397,吸着パッド・埋込式・ウレタン・乳白　　,VAPU-12C,000414-01,43D
210398,吸着パッド・埋込式・ウレタン・乳白　　,VAPU-15C,000414-01,E01B
210399,吸着パッド・埋込式・ウレタン・乳白　　,VAPU-20C,000414-01,15C
210400,吸着パッド・埋込式・ウレタン・乳白　　,VAPU-30C,000414-01,E03E
210401,吸着パッド・埋込式・ウレタン・乳白　　,VAPU-40C,000414-01,1Fﾐﾅﾐ03B
210402,吸着パッド・埋込式・フッ素・黒　　　　,VAPF-6C,000414-01,E01C
210403,吸着パッド・埋込式・フッ素・黒　　　　,VAPF-8C,000414-01,26C
210404,吸着パッド・埋込式・フッ素・黒　　　　,VAPF-12C,000414-01,KUNIMORI-E
210405,吸着パッド・埋込式・フッ素・黒　　　　,VAPF-15C,000414-01,31C
210406,吸着パッド・埋込式・フッ素・黒　　　　,VAPF-20C,000414-01,21C
210407,吸着パッド・埋込式・フッ素・黒　　　　,VAPF-30C,000414-01,21D
210408,吸着パッド・埋込式・フッ素・黒　　　　,VAPF-40C,000414-01,KUNIMORI-A
210409,吸着パッド・フリー・ウレタン・乳白　　,VAPU-12C-2,000414-01,1Fﾐﾅﾐ03C
210410,吸着パッド・フリー・ウレタン・乳白　　,VAPU-20C-2,000414-01,KUNIMORI-A
210411,吸着パッド・フリー・フッ素・黒　　　　,VAPF-12C-2,000414-01,07C
210412,吸着パッド・フリー・フッ素・黒　　　　,VAPF-20C-2,000414-01,11C
210414,ヒンジレバー・ＶＸ－５－１Ａ２用　　　,VAV-5,000414-01,15C
210417,吸着パッド・ビス止式・フッ素・黒　　　,VAPF-60F,000414-01,47B
210534,吸着パッド・スポンジ付・シリコン・茶　,VAPH-15C-SP,000414-01,09B
210535,吸着パッド・スポンジ付・シリコン・茶　,VAPH-20C-SP,000414-01,13C
210537,吸着パッド・スポンジ付・シリコン・茶　,VAPH-40C-SP,000414-01,07B
210538,吸着パッド・ビス止スポンジ・シリコン茶,VAPH-60F-SP,000414-01,41A
210615,吸着パッド・埋込み式・シリコン・茶　　,VAPH-10C,000414-01,01C
210616,吸着パッド・埋込み式・シリコン・茶　　,VAPH-14C,000414-01,09C
210618,吸着パッド・埋込み式・シリコン・茶　　,VAPH-35C,000414-01,17C
210619,吸着パッド・ビス止式・シリコン・茶　　,VAPH-50F,000414-01,1Fﾐﾅﾐ01C
210620,吸着パッド・ビス止式・シリコン・茶　　,VAPH-70F,000414-01,E03E
210621,吸着パッド・埋込み式・シリコン・茶　　,VAPH-45C,000414-01,32B
210661,吸着パッド・ジャバラ・シリコン・茶　　,VAPH-20C-3,000414-01,NEW-EINS
210662,吸着パッド・ジャバラ・シリコン・茶　　,VAPH-30C-3,000414-01,22B
210664,吸着パッド・スポンジ付・シリコン・茶　,VAPH-8C-SP,000414-01,08C
210665,吸着パッド・スポンジ付・シリコン・茶　,VAPH-12C-SP,000414-01,17D
210697,吸着パッド・ジャバラ・シリコン・茶　　,VAPH-15C-3,000414-01,01D
210698,吸着金具・固定式・スモール用　　　　　,VFILK-S-M12,000414-01,08C
210699,吸着金具・固定式・ミニ用　　　　　　　,VFILK-SS-M10,000414-01,04C
210700,吸着パッド・埋込式・シリコン・茶　　　,VAPH-4C,000414-01,08B
210701,吸着パッド・埋込式・ウレタン・乳白　　,VAPU-4C,000414-01,49E
210702,吸着パッド・埋込式・フッ素・黒　　　　,VAPF-4C,000414-01,48C
210703,吸着パッド・埋込式・ウレタン・乳白　　,VAPU-10C,000414-01,1Fﾐﾅﾐ04B
210704,吸着パッド・埋込式・フッ素・黒　　　　,VAPF-10C,000414-01,41C
210705,吸着パッド・埋込式・ウレタン・乳白　　,VAPU-14C,000414-01,E02C
210706,吸着パッド・埋込式・フッ素・黒　　　　,VAPF-14C,000414-01,KUNIMORI-E
210785,吸着金具・マイクロ用　　　　　　　　　,VFILB-M,000414-01,18B
210788,吸着金具・回止式・ラージ用　　　　　　,VFIL-H,000414-01,25B
210789,吸着パッド・埋込式・マイクロ・茶　　　,VAPH-4M(ｼﾘｺﾝ),000414-01,06B
210790,吸着パッド・埋込式・マイクロ・茶　　　,VAPH-6M(ｼﾘｺﾝ),000414-01,02B
210791,吸着パッド・埋込式・ニトリル・緑　　　,VAPN-4C(ﾆﾄﾘﾙ),000414-01,42C
210792,吸着パッド・埋込式・ニトリル・緑　　　,VAPN-6C(ﾆﾄﾘﾙ),000414-01,E02A
210793,吸着パッド・埋込式・ニトリル・緑　　　,VAPN-8C(ﾆﾄﾘﾙ),000414-01,E02A
210794,吸着パッド・埋込式・ニトリル・緑　　　,VAPN-10C(ﾆﾄﾘﾙ),000414-01,1Fﾐﾅﾐ04B
210795,吸着パッド・埋込式・ニトリル・緑　　　,VAPN-12C(ﾆﾄﾘﾙ),000414-01,E03A
210796,吸着パッド・埋込式・ニトリル・緑　　　,VAPN-14C(ﾆﾄﾘﾙ),000414-01,1Fﾐﾅﾐ02E
210797,吸着パッド・埋込式・ニトリル・緑　　　,VAPN-15C(ﾆﾄﾘﾙ),000414-01,23D
210798,吸着パッド・埋込式・ニトリル・緑　　　,VAPN-20C(ﾆﾄﾘﾙ),000414-01,27C
210799,吸着パッド・埋込式・ニトリル・緑　　　,VAPN-30C(ﾆﾄﾘﾙ),000414-01,15C
210800,吸着パッド・埋込式・ニトリル・緑　　　,VAPN-40C(ﾆﾄﾘﾙ),000414-01,1Fﾐﾅﾐ03C
210801,吸着パッド・ビス止式・ニトリル・緑　　,VAPN-60F(ﾆﾄﾘﾙ),000414-01,42A
210802,吸着パッド・フリー・ニトリル・緑　　　,VAPN-12C-2(ﾆﾄﾘﾙ),000414-01,42D
210803,吸着パッド・フリー・ニトリル・緑　　　,VAPN-20C-2(ﾆﾄﾘﾙ),000414-01,34D
210818,吸着金具・マイクロ用　　　　　　　　　,VFILB-M-P8,000414-01,34C
210823,吸着金具・回止式・マイクロ用　　　　　,VFILB-MSH,000414-01,11B
210824,吸着金具・回止式・マイクロ用　　　　　,VFILB-MSH-P8,000414-01,29C
210843,マイクロスイッチ　　　　　　　　　　　,VX-5-1A2,000414-01,09B
210859,吸着パッド・ＥＰスポンジ付・シリコン茶,VAPH-14C-EPSP,000414-01,14B
210860,吸着パッド・ＥＰスポンジ付・シリコン茶,VAPH-20C-EPSP,000414-01,20C
210861,吸着パッド・ＥＰスポンジ付・シリコン茶,VAPH-30C-EPSP,000414-01,13C
210862,吸着パッド・ＥＰスポンジ付・シリコン茶,VAPH-40C-EPSP,000414-01,22D
210863,吸着パッド・ビスＥＰスポンジシリコン茶,VAPH-50F-EPSP,000414-01,46E
210864,吸着パッド・ビスＥＰスポンジシリコン茶,VAPH-60F-EPSP,000414-01,47C
210886,吸着金具・ラージ用　　　　　　　　　　,VFI-L-20-P20,000414-01,30B
210887,吸着金具・ラージ用　　　　　　　　　　,VFI-L-50-P20,000414-01,29B
210888,吸着金具・ラージ用　　　　　　　　　　,VFI-L-20-M17,000414-01,08C
210889,吸着金具・ラージ用　　　　　　　　　　,VFI-L-50-M17,000414-01,38A
210911,パッドイン中金具・ミニ用　　　　　　　,VFILK-PS-M5,000414-01,20C
210912,パッドイン中金具・マイクロ用　　　　　,VFILK-PSS-M5,000414-01,10C
210913,パッドイン中金具・スペーサー　　　　　,VFILK-P-S,000414-01,20D
210915,吸着パッド・ＳＰ付ジャバラ・シリコン茶,VAPH-30C-15-3-SP,000414-01,24B
210916,吸着パッド・ＳＰ付ジャバラ・シリコン茶,VAPH-40C-20-3-SP,000414-01,24B
210917,吸着金具・ラージ用　　　　　　　　　　,VFI-L-100-M22,000414-01,44B
210918,吸着パッド・薄鋼板用　　　　　　　　　,VAPNP-30C-1-M,000414-01,37D
210920,吸着パッド・薄鋼板用　　　　　　　　　,VAPNP-60C-1-M,000414-01,1Fﾐﾅﾐ02B
210921,吸着パッド・薄鋼板用　　　　　　　　　,VAPNP-60C-1-F,000414-01,1Fﾐﾅﾐ08C
210974,吸着金具・スモール用（Ｍ５）　　　　　,VFIL-S-5A,000414-01,02C
210975,吸着金具・スモール用（Ｍ５）　　　　　,VFIL-S-10A,000414-01,02B
210976,吸着金具・スモール用（Ｍ５）　　　　　,VFIL-S-20A,000414-01,11D
210977,吸着金具・スモール用（Ｍ５）　　　　　,VFIL-S-30A,000414-01,12B
210991,吸着金具・回止式・角度調整　　　　　　,VFILBR-H-10,000414-01,31D
210992,吸着金具・回止式・角度調整　　　　　　,VFILBR-H-20,000414-01,40B
210993,吸着金具・回止式・角度調整　　　　　　,VFILBR-H-10-P12,000414-01,21C
210994,吸着金具・回止式・角度調整　　　　　　,VFILBR-H-20-P12,000414-01,39C
211006,吸着金具・スモール用　　　　　　　　　,VFIL1-S-5-P12,000414-01,18C
211007,吸着金具・スモール用　　　　　　　　　,VFIL1-S-5-P20,000414-01,E01B
211008,吸着金具・スモール用　　　　　　　　　,VFIL1-S-10-P12,000414-01,12B
211009,吸着金具・スモール用　　　　　　　　　,VFIL1-S-10-P20,000414-01,29B
211010,吸着金具・スモール用　　　　　　　　　,VFIL1-S-20-P12,000414-01,11C
211011,吸着金具・スモール用　　　　　　　　　,VFIL1-S-20-P20,000414-01,30C
211012,吸着金具・スモール用　　　　　　　　　,VFIL1-S-30-P12,000414-01,23D
211013,吸着金具・スモール用　　　　　　　　　,VFIL1-S-30-P20,000414-01,33C
211023,吸着キャップ　　　　　　　　　　　　　,VAPH-SC,000414-01,E03B
211024,吸着キャップ　　　　　　　　　　　　　,VAPH-SSC,000414-01,41A
211029,吸着金具・ミニ用　　　　　　　　　　　,VFIL1-SS-5,000414-01,02B
211030,吸着金具・ミニ用　　　　　　　　　　　,VFIL2-SS-5-P8,000414-01,30B
211031,吸着金具・ミニ用　　　　　　　　　　　,VFIL2-SS-5-P12,000414-01,39A
211032,吸着金具・ミニ用　　　　　　　　　　　,VFIL1-SS-10,000414-01,05D
211033,吸着金具・ミニ用　　　　　　　　　　　,VFIL2-SS-10-P8,000414-01,20C
211034,吸着金具・ミニ用　　　　　　　　　　　,VFIL2-SS-10-P12,000414-01,09D
211035,吸着金具・ミニ用　　　　　　　　　　　,VFIL1-SS-20,000414-01,04D
211036,吸着金具・ミニ用　　　　　　　　　　　,VFIL2-SS-20-P8,000414-01,21D
211037,吸着金具・ミニ用　　　　　　　　　　　,VFIL2-SS-20-P12,000414-01,33D
211038,吸着金具・ミニ用　　　　　　　　　　　,VFIL1-SS-30,000414-01,06B
211039,吸着金具・ミニ用　　　　　　　　　　　,VFIL2-SS-30-P8,000414-01,31A
211040,吸着金具・ミニ用　　　　　　　　　　　,VFIL2-SS-30-P12,000414-01,34B
211041,吸着金具・回止式・ミニ用　　　　　　　,VFILB2-SSH,000414-01,05D
211042,吸着金具・回止式・ミニ用　　　　　　　,VFILB2-SSH-P12,000414-01,30B
211043,吸着金具・回止式・ミニ用　　　　　　　,VFILB2-SSH-20,000414-01,10C
211044,吸着金具・回止式・ミニ用　　　　　　　,VFILB2-SSH-20-P12,000414-01,33C
211045,吸着金具・回止式・スモール用　　　　　,VFILB2-SH,000414-01,20D
211046,吸着金具・回止式・スモール用　　　　　,VFILB2-SH-P12,000414-01,21B
211047,吸着金具・回止式・スモール用　　　　　,VFILB2-SH-20,000414-01,22B
211048,吸着金具・回止式・スモール用　　　　　,VFILB2-SH-20-P12,000414-01,19C
211049,吸着金具・回止式・１／８　　　　　　　,VFILB2-SH 1/8,000414-01,18C
211050,吸着金具・回止式・１／８　　　　　　　,VFILB2-SH 1/8-P12,000414-01,30D
211051,吸着金具・回止式・１／８　　　　　　　,VFILB2-SH 1/8-20,000414-01,15D
211052,吸着金具・回止式・１／８　　　　　　　,VFILB2-SH 1/8-20-P12,000414-01,15B
211092,吸着樹脂具・スモール用　　　　　　　　,VFILP-S-5-P12,000414-01,06B
211093,吸着樹脂具・スモール用　　　　　　　　,VFILP-S-10-P12,000414-01,34E
211094,吸着樹脂具・スモール用　　　　　　　　,VFILP-S-20-P12,000414-01,1Fﾐﾅﾐ04C
211095,吸着樹脂具・スモール用　　　　　　　　,VFILP-S-30-P12,000414-01,1Fﾐﾅﾐ03E
211097,吸着樹脂具・スモール用　　　　　　　　,VFILP-S-5,000414-01,40B
211098,吸着樹脂具・スモール用　　　　　　　　,VFILP-S-10,000414-01,40C
211099,吸着樹脂具・スモール用　　　　　　　　,VFILP-S-20,000414-01,1Fﾐﾅﾐ03B
211100,吸着樹脂具・スモール用　　　　　　　　,VFILP-S-30,000414-01,1Fﾐﾅﾐ04B
211101,吸着パッド・ジャバラ・フッ素・黒　　　,VAPF-3C-3,000414-01,09C
211102,吸着ヘッド・Ｍ５・ＥＰＣＧ用１５／２０,VFILK-AH01,000414-01,26B
211103,吸着ヘッド・Ｍ５・ＥＰＣＧ用３０／４０,VFILK-AH02,000414-01,23B
211105,吸着樹脂具・ミニ用　　　　　　　　　　,VFILP-SS-5-P12,000414-01,1Fﾐﾅﾐ02C
211106,吸着樹脂具・ミニ用　　　　　　　　　　,VFILP-SS-10-P12,000414-01,1Fﾐﾅﾐ04E
211107,吸着樹脂具・ミニ用　　　　　　　　　　,VFILP-SS-20-P12,000414-01,43A
211108,吸着樹脂具・ミニ用　　　　　　　　　　,VFILP-SS-30-P12,000414-01,42B
211109,吸着樹脂具・ミニ用　　　　　　　　　　,VFILP-SS-5,000414-01,40B
211110,吸着樹脂具・ミニ用　　　　　　　　　　,VFILP-SS-10,000414-01,E01E
211111,吸着樹脂具・ミニ用　　　　　　　　　　,VFILP-SS-20,000414-01,1Fﾐﾅﾐ02E
211112,吸着樹脂具・ミニ用　　　　　　　　　　,VFILP-SS-30,000414-01,E03B
211114,中金具アタッチヘッド・ＰＴ１／８用Ａ　,VFILA-PHA-1/8,000414-01,1Fﾐﾅﾐ01C
211115,中金具アタッチヘッド・ＰＴ１／８用Ｂ　,VFILA-PHB-1/8,000414-01,1Fﾐﾅﾐ01C
211116,中金具アタッチヘッド・ＰＴ１／８用Ｃ　,VFILA-PHC-1/8,000414-01,13D
211117,中金具アタッチヘッド・ＰＴ１／８用Ｄ　,VFILA-PHD-1/8,000414-01,1Fﾐﾅﾐ05B
211118,パッドイン中金具・ＴＹＰＥ（Ａ）　　　,VFILK-PIA-M5,000414-01,E03A
211119,パッドイン中金具・ＴＹＰＥ（Ｂ）　　　,VFILK-PIB-M5,000414-01,1Fﾐﾅﾐ06A
211120,パッドイン中金具・ＴＹＰＥ（Ｃ）　　　,VFILK-PIC-M5,000414-01,40C
211121,パッドイン中金具・ＴＹＰＥ（Ｄ）　　　,VFILK-PID-M5,000414-01,1Fﾐﾅﾐ02C
211133,吸着複合シリンダー　　　　　　　　　　,VMCP-10,000414-01,80(ﾐﾅﾐ)C
211134,吸着複合シリンダー　　　　　　　　　　,VMCP-20,000414-01,32D
211135,吸着複合シリンダー　　　　　　　　　　,VMCP-30,000414-01,47B
211137,吸着複合シリンダー（センサー付）　　　,VMCP-10-C,000414-01,44A
211138,吸着複合シリンダー（センサー付）　　　,VMCP-20-C,000414-01,KUNIMORI2D
211139,吸着複合シリンダー（センサー付）　　　,VMCP-30-C,000414-01,E02D
211144,吸着樹脂具・ミニ用　　　　　　　　　　,VFILPL-SS-5,000414-01,42D
211145,吸着樹脂具・ミニ用　　　　　　　　　　,VFILPL-SS-10,000414-01,48B
211146,吸着樹脂具・ミニ用　　　　　　　　　　,VFILPL-SS-20,000414-01,48B
211147,吸着樹脂具・ミニ用　　　　　　　　　　,VFILPL-SS-30,000414-01,49A
211148,吸着樹脂具・スモール用　　　　　　　　,VFILPL-S-5,000414-01,44E
211149,吸着樹脂具・スモール用　　　　　　　　,VFILPL-S-10,000414-01,E01A
211150,吸着樹脂具・スモール用　　　　　　　　,VFILPL-S-20,000414-01,43C
211151,吸着樹脂具・スモール用　　　　　　　　,VFILPL-S-30,000414-01,49A
211152,フィンガーバルブ　　　　　　　　　　　,VHK2A-04F-04FL,000414-01,KUNIMORI2A
211153,フィンガーバルブ　　　　　　　　　　　,VHK2A-06F-06FL,000414-01,E01A
211154,フィンガーバルブ　　　　　　　　　　　,VHK3A-04F-04FL,000414-01,49D
211155,フィンガーバルブ　　　　　　　　　　　,VHK3A-06F-06FL,000414-01,KUNIMORI2C
211157,ミニストリッパ　　　　　　　　　　　　,VST25,000414-01,48C
211270,吸着パッド・ビス止・フリー・φ６０　　,VAPS-60F-2,000414-01,1Fﾐﾅﾐ04D
211271,吸着パッド・埋込み式・φ８　　　　　　,VAPS-8C,000414-01,02B
211272,吸着パッド・埋込み式・φ１２　　　　　,VAPS-12C,000414-01,01D
211273,吸着パッド・埋込み式・φ１５　　　　　,VAPS-15C,000414-01,15C
211274,吸着パッド・埋込み式・φ２０　　　　　,VAPS-20C,000414-01,18D
211275,吸着パッド・埋込み式・φ３０　　　　　,VAPS-30C,000414-01,04C
211276,吸着パッド・埋込み式・φ４０　　　　　,VAPS-40C,000414-01,21B
211277,吸着パッド・埋込み式・φ６　　　　　　,VAPS-6C,000414-01,01C
211278,吸着パッド・フリー・φ１２　　　　　　,VAPS-12C-2,000414-01,18B
211279,吸着パッド・フリー・φ２０　　　　　　,VAPS-20C-2,000414-01,07D
211280,吸着パッド・ビス止式・φ６０　　　　　,VAPS-60F,000414-01,E02B
211281,吸着パッド・十字・φ１５　　　　　　　,VAPS-15C-1,000414-01,05B
211282,吸着パッド・十字・φ２０　　　　　　　,VAPS-20C-1,000414-01,18C
211283,吸着パッド・スポンジ付φ１５　　　　　,VAPS-15C-SP,000414-01,09B
211284,吸着パッド・スポンジ付φ２０　　　　　,VAPS-20C-SP,000414-01,13C
211285,吸着パッド・スポンジ付φ３０　　　　　,VAPS-30C-SP,000414-01,07D
211286,吸着パッド・スポンジ付φ４０　　　　　,VAPS-40C-SP,000414-01,07B
211287,吸着パッド・ビス止スポンジ・φ６０　　,VAPS-60F-SP,000414-01,41A
211288,吸着パッド・埋込み式・φ１０　　　　　,VAPS-10C,000414-01,01C
211289,吸着パッド・埋込み式・φ１４　　　　　,VAPS-14C,000414-01,09C
211290,吸着パッド・埋込み式・φ２５　　　　　,VAPS-25C,000414-01,11D
211291,吸着パッド・埋込み式・φ３５　　　　　,VAPS-35C,000414-01,17C
211292,吸着パッド・ビス止式・φ５０　　　　　,VAPS-50F,000414-01,1Fﾐﾅﾐ01C
211293,吸着パッド・ビス止式・φ７０　　　　　,VAPS-70F,000414-01,E03E
211294,吸着パッド・埋込み式・φ４５　　　　　,VAPS-45C,000414-01,32B
211295,吸着パッド・ジャバラ・φ２０　　　　　,VAPS-20C-3,000414-01,05C
211296,吸着パッド・ジャバラ・φ３０　　　　　,VAPS-30C-3,000414-01,22B
211297,吸着パッド・ジャバラ・φ４０　　　　　,VAPS-40C-3,000414-01,03B
211298,吸着パッド・スポンジ付・φ８　　　　　,VAPS-8C-SP,000414-01,08C
211299,吸着パッド・スポンジ付・φ１２　　　　,VAPS-12C-SP,000414-01,17D
211300,吸着パッド・埋込み式・φ４　　　　　　,VAPS-4C,000414-01,08B
211301,吸着パッド・ＥＰスポンジ付・φ１４　　,VAPS-14C-EPSP,000414-01,14B
211302,吸着パッド・ＥＰスポンジ付・φ２０　　,VAPS-20C-EPSP,000414-01,20C
211303,吸着パッド・ＥＰスポンジ付・φ３０　　,VAPS-30C-EPSP,000414-01,13C
211304,吸着パッド・ＥＰスポンジ付・φ４０　　,VAPS-40C-EPSP,000414-01,22D
211305,吸着パッド・ビスＥＰスポンジ・φ５０　,VAPS-50F-EPSP,000414-01,46E
211306,吸着パッド・ビスＥＰスポンジ・φ６０　,VAPS-60F-EPSP,000414-01,47C
211307,吸着パッド・ジャバラ・φ３　　　　　　,VAPS-3C-3,000414-01,01B
211308,吸着パッド・ＳＰ付ジャバラ・φ２０　　,VAPS-20C-10-3-SP,000414-01,20C
211309,吸着パッド・ＳＰ付ジャバラ・φ３０　　,VAPS-30C-15-3-SP,000414-01,24B
211310,吸着パッド・ＳＰ付ジャバラ・φ４０　　,VAPS-40C-20-3-SP,000414-01,24B
211311,吸着パッド・ジャバラ・φ１５　　　　　,VAPS-15C-3,000414-01,NEW-EINS
211312,吸着パッド・埋込式・マイクロ・φ４　　,VAPS-4M,000414-01,NEW-EINS
211313,吸着パッド・埋込式・マイクロ・φ６　　,VAPS-6M,000414-01,18C
211314,吸着キャップ　　　　　　　　　　　　　,VAPS-SC,000414-01,NEW-EINS
211315,吸着キャップ　　　　　　　　　　　　　,VAPS-SSC,000414-01,NEW-EINS
211381,吸着パッド・ＳＰ付ジャバラ・シリコン茶,VAPH-30C-9.5-3-SP,000414-01,18C
221303,モンキレンチ１５０ｍｍ　　　　　　　　,WMA-150,000414-01,E03E
221472,替ヒーター　　　　　　　　　　　　　　,W19,000414-01,48B
221473,コンパウンド倍力プラニッパ　　　　　　,WA1000F-160,000414-01,1Fﾐﾅﾐ02B
221474,バリ取りワークフィニッシャー（Ｌ）　　,WF-1540,000414-01,48F
221475,バリ取りワークフィニッシャー（Ｓ）　　,WF-620,000414-01,48F
221487,パッキン　　　　　　　　　　　　　　　,WRBC15-8-3,000414-01,50A
230050,スライド７０ＢＫＴ・Ｔ・φ１２　　　　,XL0005-101,000414-01,34C
230051,スライド４０ＢＫＴ・Ｔ・Ｗ・φ８　　　,XL0005-102,000414-01,48F
230052,スライド４０ＢＫＴ・Ｔ・φ１２　　　　,XL0005-103,000414-01,15D
230053,スライド７０ＢＫＴ・Ｔ・Ｗ・φ８　　　,XL0005-104,000414-01,50D
230054,スライド４０ＢＫＴ・Ｔ・φ２０　　　　,XL0005-105,000414-01,38B
230055,スライド７０ＢＫＴ・Ｔ・φ２０　　　　,XL0005-106,000414-01,35D
230056,スライド４０ＢＫＴ・Ｔ・φ８　　　　　,XL0005-107,000414-01,45A
230057,スライド７０ＢＫＴ・Ｔ・φ８　　　　　,XL0005-108,000414-01,45D
230058,吸着金具ミニ・マイクロミニシリンダー用,XL0010-105,000414-01,08B
230060,スペーサー・アルミ製・５０Ｈ　　　　　,XL0002-050,000414-01,10C
230061,スペーサー・アルミ製・８０Ｈ　　　　　,XL0002-080,000414-01,14D
230062,スペーサー・アルミ製・１００Ｈ　　　　,XL0002-100,000414-01,31B
230063,スペーサー・アルミ製・１２０Ｈ　　　　,XL0002-120,000414-01,38A
230066,吸着アタッチヘッド・埋込式・スモール用,XL0037-106,000414-01,30B
230067,吸着アタッチヘッド・ビス止式用　　　　,XL0037-103,000414-01,32B
230071,延長板（当板用）　　　　　　　　　　　,XL0006-104,000414-01,11D
230072,吸着金具アジャスター・マイクロ用　　　,XL0061-100,000414-01,31C
230077,パッキン　　　　　　　　　　　　　　　,XL0054-204,000414-01,1Fﾐﾅﾐ04C
230114,吸着金具アジャスター・ミニ用　　　　　,XL0061-200,000414-01,31A
230116,バーブ継手　　　　　　　　　　　　　　,XL0054-106A,000414-01,49A
230117,バーブ継手　　　　　　　　　　　　　　,XL0054-206A,000414-01,46D
250006,リミットスイッチ（バネ無し）　　　　　,Z-15GW55-B,000414-01,43E
250012,リミットスイッチ　　　　　　　　　　　,Z-15HW24-B,000414-01,10B
250017,リミットスイッチ・製品確認　　　　　　,Z-15GW55-B (NC･ﾊﾞﾈﾂｷ),000414-01,14D
250018,製品確認スプリング　　　　　　　　　　,Z-15GW55-Bｮｩ,000414-01,KUNIMORI2A
250266,ネジラー　　　　　　　　　　　　　　　,ZA185,000414-01,KUNIMORI2A
250273,旋回メカ　　　　　　　　　　　　　　　,ZRA-20A-R1,000414-01,46B
250274,旋回メカ　　　　　　　　　　　　　　　,ZRA-20A-R2,000414-01,46B
250275,旋回メカ　　　　　　　　　　　　　　　,ZRA-25A-R1,000414-01,46B
250276,旋回メカ　　　　　　　　　　　　　　　,ZRA-25A-R2,000414-01,46B
250277,旋回メカ　　　　　　　　　　　　　　　,ZRA-32A-R1,000414-01,66(4F)D
250278,旋回メカ　　　　　　　　　　　　　　　,ZRA-32A-R2,000414-01,1Fﾐﾅﾐ08E
250279,旋回メカ　　　　　　　　　　　　　　　,ZRA-40A-R1,000414-01,1Fﾐﾅﾐ08E
250280,旋回メカ　　　　　　　　　　　　　　　,ZRA-40A-R2,000414-01,1Fﾐﾅﾐ07C
250281,メカローター　　　　　　　　　　　　　,ZRB-16A-R1,000414-01,47A
250282,メカローター　　　　　　　　　　　　　,ZRB-16A-R2,000414-01,46A
250283,メカローター　　　　　　　　　　　　　,ZRB-20A-R1,000414-01,46A
250284,メカローター　　　　　　　　　　　　　,ZRB-20A-R2,000414-01,50A
250285,メカローター　　　　　　　　　　　　　,ZRB-25A-R1,000414-01,46B
250286,メカローター　　　　　　　　　　　　　,ZRB-25A-R2,000414-01,50A
250287,メカローター　　　　　　　　　　　　　,ZRB-30A-R1,000414-01,46A
250288,メカローター　　　　　　　　　　　　　,ZRB-30A-R2,000414-01,47A
261888,先刃プラニッパ　　　　　　　　　　　　,02SP-125,000414-01,1Fﾐﾅﾐ02A
270449,ゴムヘッド・スターセンサー用・５個入　,14103301 (SSW-15),000414-01,1Fﾐﾅﾐ03E
271515,レッツジョイント・ＰＲＯＦＩＬＥ　　　,10*20*1500,000414-01,36B
271520,レッツジョイント・ＰＲＯＦＩＬＥ　　　,10*20*500,000414-01,13B
271521,レッツジョイント・ＰＲＯＦＩＬＥ　　　,10*20*1000,000414-01,36A
271527,ジャングルジム・ＳＵＳパイプφ１２　　,12*0.6*500,000414-01,MX
271528,ジャングルジム・ＳＵＳパイプφ１２　　,12*0.6*1000,000414-01,MX
271529,ジャングルジム・ＳＵＳパイプφ１２　　,12*0.6*1500,000414-01,MX
271559,ＥＰスポンジ　　　　　　　　　　　　　,14C-EPSP,000414-01,80(ﾐﾅﾐ)A
271682,ＳＤシート（静電気除去）　　　　　　　,12C-SD,000414-01,80(ﾐﾅﾐ)A
271683,ＳＤシート（静電気除去）　　　　　　　,15C-SD,000414-01,80(ﾐﾅﾐ)A
271742,Ｏリング　　　　　　　　　　　　　　　,1ASS-5,000414-01,1Fﾐﾅﾐ06B
271792,直尺シルバー（１５０ｍｍスケール）　　,13005,000414-01,E03E
271793,直尺シルバー（３００ｍｍスケール）　　,13013,000414-01,45A
271844,ラジオペンチ　　　　　　　　　　　　　,105-150,000414-01,48D
271845,ラジオペンチ　　　　　　　　　　　　　,105-175,000414-01,1Fﾐﾅﾐ04E
271846,ハイプラニッパ　　　　　　　　　　　　,160S-125,000414-01,48D
271847,ハイプラニッパ　　　　　　　　　　　　,160S-150,000414-01,49F
271848,ハイプラニッパ　　　　　　　　　　　　,160SF-125,000414-01,48C
271849,ハイプラニッパ　　　　　　　　　　　　,160SF-150,000414-01,45E
280018,エアーカプラー　　　　　　　　　　　　,20PF,000414-01,10B
281753,レッツジョイント・ＰＲＯＦＩＬＥ　　　,25*25*1500,000414-01,36C
281754,レッツジョイント・ＰＲＯＦＩＬＥ　　　,25*50*1500,000414-01,36D
281807,レッツジョイント・ＰＲＯＦＩＬＥ　　　,25*25*500,000414-01,31D
281808,レッツジョイント・ＰＲＯＦＩＬＥ　　　,25*50*500,000414-01,34B
281809,レッツジョイント・ＰＲＯＦＩＬＥ　　　,25*25*1000,000414-01,36F
281810,レッツジョイント・ＰＲＯＦＩＬＥ　　　,25*50*1000,000414-01,36E
281812,ジャングルジム・ＳＵＳパイプφ２０　　,20*0.8*500,000414-01,MX
281813,ジャングルジム・ＳＵＳパイプφ２０　　,20*0.8*1000,000414-01,MX
281814,ジャングルジム・ＳＵＳパイプφ２０　　,20*0.8*1500,000414-01,MX
282010,ＥＰスポンジ　　　　　　　　　　　　　,20C-EPSP,000414-01,80(ﾐﾅﾐ)A
282205,平行チャック・複動・４０ＳＴ＊２　　　,2HC1-80,000414-01,42C
282552,ＳＤシート（静電気除去）　　　　　　　,20C-SD,000414-01,80(ﾐﾅﾐ)A
283010,圧力スイッチ　　　　　　　　　　　　　,205069-001-0,000414-01,E02E
283764,デジタル圧力センサー（コネクタ付）　　,202029-003-1,000414-01,41C
284778,電ドラ（アダプター・ビット５本組）　　,220USB-5,000414-01,37D
286129,強力ニッパ　　　　　　　　　　　　　　,205H-150,000414-01,48C
286130,強力ニッパ　　　　　　　　　　　　　　,205H-175,000414-01,48A
286131,ミニチュアエンドプラニッパ　　　　　　,24EF-115,000414-01,45E
286132,ダックビルプライヤ　　　　　　　　　　,2500-200,000414-01,50E
286133,エンドプラニッパ　　　　　　　　　　　,25EF-145,000414-01,48D
286172,１枚切りカッター　キリヌーク　　　　　,209B,000414-01,45E
286802,電ドラボールⅡ（ビット５本組）　　　　,220USBC-5,000414-01,37D
286803,電ドラボールⅡ（ビット１本）　　　　　,220USBC-1,000414-01,1Fﾐﾅﾐ01D
290317,シリコンチューブ（タイガースポリマー製,6*3(100Mﾏｷ),000414-01,66(4F)A
292944,リチウム電池　　　　　　　　　　　　　,ER6(AA)3.6V-ABS,000414-01,01B
293463,シリコンスポンジ　　　　　　　　　　　,3T*250*250,000414-01,17B
294889,ＥＰスポンジ　　　　　　　　　　　　　,30C-EPSP,000414-01,80(ﾐﾅﾐ)A
297701,ＳＤシート（静電気除去）　　　　　　　,30C-SD,000414-01,80(ﾐﾅﾐ)A
298624,オートスイッチ（ＲｏＨＳ・コネクタ付）,3C-D-A93-XMR,000414-01,23D
298810,オートスイッチ（ＲｏＨＳ・コネクタ付）,3C-D-A93-XMR(L90),000414-01,08D
299653,サイレンサー　　　　　　　　　　　　　,32.16.009,000414-01,29D
300001,スリーブ　　　　　　　　　　　　　　　,BS-06,000414-01,12D
300385,継手・中継スリーブ　　　　　　　　　　,4-S-6,000414-01,38D
300386,ＥＰスポンジ　　　　　　　　　　　　　,40C-EPSP,000414-01,80(ﾐﾅﾐ)A
300485,ＳＤシート（静電気除去）　　　　　　　,40C-SD,000414-01,80(ﾐﾅﾐ)A
300514,シリコンチューブ・白　　　　　　　　　,4*2 (5M),000414-01,17C
310536,ゴム板・シリコン・白　　　　　　　　　,5T*50*100(310536),000414-01,12C
310589,ＥＰスポンジ　　　　　　　　　　　　　,50C-EPSP,000414-01,80(ﾐﾅﾐ)A
310607,ステンレス鋼球　　　　　　　　　　　　,PHI.5.5,000414-01,42A
310695,エレクトニッパ　　　　　　　　　　　　,55S-150,000414-01,E01D
310706,エレクトニッパ　　　　　　　　　　　　,55S-120,000414-01,49A
322194,シリコンチューブ・白　　　　　　　　　,6*3 (5M),000414-01,06C
322195,シリコンチューブ・白　　　　　　　　　,6*4 (5M),000414-01,1Fﾐﾅﾐ07E
322948,エアーカプラー　　　　　　　　　　　　,60PC,000414-01,19B
322949,ＥＰスポンジ　　　　　　　　　　　　　,60C-EPSP,000414-01,80(ﾐﾅﾐ)A
323000,ステンレス鋼球　　　　　　　　　　　　,PHI.6.35,000414-01,E01C
323119,パンロック白　Φ１０×６（１００個）　,63088-1006-WH-EINS,000414-01,70(4F)A
323120,パンロック黒　Φ１０×６（１００個）　,63091-1006-BK-EINS,000414-01,70(4F)B
323121,パンロック白　Φ１０×８（１００個）　,63100-1008-WH-EINS,000414-01,70(4F)D
323122,パンロック黒　Φ１０×８（１００個）　,63103-1008-BK-EINS,000414-01,70(4F)E
323123,パンロック白　Φ１０×１０（１００個）,63079-1010-WH-EINS,000414-01,70(4F)C
323124,パンロック黒　Φ１０×１０（１００個）,63085-1010-BK-EINS,000414-01,70(4F)B
323125,パンロック白　Φ１０×１５（１００個）,63112-1015-WH-EINS,000414-01,70(4F)B
323126,パンロック黒　Φ１０×１５（１００個）,63115-1015-BK-EINS,000414-01,70(4F)C
323127,パンロック白　Φ１５×６（１００個）　,63094-1506-WH-EINS,000414-01,70(4F)B
323128,パンロック黒　Φ１５×６（１００個）　,63097-1506-BK-EINS,000414-01,70(4F)C
323129,パンロック白　Φ１５×８（１００個）　,63106-1508-WH-EINS,000414-01,70(4F)A
323130,パンロック黒　Φ１５×８（１００個）　,63109-1508-BK-EINS,000414-01,70(4F)B
323131,パンロック白　Φ１５×１０（１００個）,63076-1510-WH-EINS,000414-01,70(4F)B
323132,パンロック黒　Φ１５×１０（１００個）,63082-1510-BK-EINS,000414-01,70(4F)A
323133,パンロック白　Φ１５×１５（１００個）,63118-1515-WH-EINS,000414-01,70(4F)A
323134,パンロック黒　Φ１５×１５（１００個）,63121-1515-BK-EINS,000414-01,70(4F)A
323135,プラダンドリルΦ１０　　　　　　　　　,63154-D10-EINS,000414-01,44A
323136,プラダンドリルΦ１５　　　　　　　　　,63155-D15-EINS,000414-01,70(4F)C
340098,ガスケット　　　　　　　　　　　　　　,89-14,000414-01,KUNIMORI2C
340903,ガスケット　　　　　　　　　　　　　　,89-141,000414-01,KUNIMORI-D
340905,ジャングルジム・ＳＵＳパイプφ８　　　,8*0.6*500,000414-01,MX
340906,ジャングルジム・ＳＵＳパイプφ８　　　,8*0.6*1000,000414-01,MX
340907,ジャングルジム・ＳＵＳパイプφ８　　　,8*0.6*1500,000414-01,MX
340923,ＥＰスポンジ　（両面テープ付）　　　　,8*50*100-EPSP,000414-01,80(ﾐﾅﾐ)A
341075,ボールポイントレンチロング９本組　　　,8309BP-L,000414-01,31A
341076,ボールポイントレンチ短軸ロング９本組　,8209BP-L,000414-01,E02C
341077,ボールポイントレンチロングＨ２　　　　,8300BP-L H2,000414-01,48B
341078,ボールポイントレンチロングＨ２．５　　,8300BP-L H2.5,000414-01,47E
341079,ボールポイントレンチロングＨ３　　　　,8300BP-L H3,000414-01,48B
341080,ボールポイントレンチロングＨ４　　　　,8300BP-L H4,000414-01,42D
341081,ボールポイントレンチロングＨ５　　　　,8300BP-L H5,000414-01,48A
341082,ボールポイントレンチロングＨ６　　　　,8300BP-L H6,000414-01,47E
341083,ボールポイントレンチ短軸ロングＨ２．５,8200BP-L H2.5,000414-01,42E
341084,ボールポイントレンチ短軸ロングＨ３　　,8200BP-L H3,000414-01,49C
341085,ボールポイントレンチ短軸ロングＨ４　　,8200BP-L H4,000414-01,47E
341086,ボールポイントレンチ短軸ロングＨ５　　,8200BP-L H5,000414-01,47E
341087,タフギヤＨＧ（メジャー５．５ｍ）　　　,80821,000414-01,39D
350347,カートリッジグリース（ワネン）４００ｇ,ﾒｶﾊﾟﾜｰ FF#0 (NO.0) 400G,000414-01,23E
350348,カートリッジグリース（ワネン）８０ｇ　,ﾒｶﾊﾟﾜｰ FF#0 (NO.0) 80G,000414-01,1Fﾐﾅﾐ06F
350349,カートリッジグリース（ワネン）８０ｇ　,ﾒｶﾊﾟﾜｰ FF#1 (NO.1) 80G,000414-01,16E
350352,メガドラ普通ドライバー（＋）　　　　　,900-1-75,000414-01,KUNIMORI-E
350353,メガドラ普通ドライバー（＋）　　　　　,900-2-100,000414-01,1Fﾐﾅﾐ02C
350354,メガドラ普通ドライバー（－）　　　　　,900-6-100,000414-01,E03E
350355,セラミック調整ドライバー　　　　　　　,9000-1.8-30,000414-01,42A
350363,強力プラニッパ　　　　　　　　　　　　,99-175,000414-01,48C
350364,強力プラニッパ　　　　　　　　　　　　,99-200,000414-01,1Fﾐﾅﾐ02A
370026,アルミ板　　　　　　　　　　　　　　　,5T*400*1200,000414-01,80(ﾐﾅﾐ)D
370027,アルミ板　　　　　　　　　　　　　　　,5T*400*400,000414-01,80(ﾐﾅﾐ)C
370028,アルミ板　　　　　　　　　　　　　　　,5T*400*300,000414-01,80(ﾐﾅﾐ)C
370029,アルミ板　　　　　　　　　　　　　　　,3T*400*1200,000414-01,80(ﾐﾅﾐ)C
370070,当板・丸型・黒φ５０・ミニシリンダー用,CP-016,000414-01,27D
370071,当板・丸型・黒φ２５・ミニシリンダー用,CP-015,000414-01,09D
370072,ツメ・丸型φ２５・ミニシリンダー用　　,CP-013,000414-01,05B
370073,ツメ・Ｌ型・ミニシリンダー用　　　　　,CP-014,000414-01,04C
370074,アルミアングル　　　　　　　　　　　　,3T*30*30*2M,000414-01,MX
370075,アルミアングル　　　　　　　　　　　　,4T*40*40*2M,000414-01,MX
370076,アルミアングル　　　　　　　　　　　　,5T*50*50*2M,000414-01,MX
370077,アルミアングル　　　　　　　　　　　　,5T*30*30*2M,000414-01,MX
370078,ゴム板・ニトリルゴム・黒　　　　　　　,5T*50*100(370078),000414-01,10D
370107,当板・丸型・白φ５０・ミニシリンダー用,CP-071,000414-01,39D
370244,テーパーワッシャー・スモール用　　　　,12ﾊﾟｲ  (VFIL-Sﾖｳ),000414-01,17D
370336,ニッパー固定ホルダー　　　　　　　　　,CP-035 (GT-NR10Lﾖｳ),000414-01,43F
370337,ニッパー固定ホルダー　　　　　　　　　,CP-036 (GT-NR20ﾖｳ),000414-01,20D
370338,ニッパー固定ホルダー　　　　　　　　　,CP-037 (GT-NR30ﾖｳ),000414-01,19C
370341,軸受・ミニシリンダー用　　　　　　　　,CP-007 (10ﾐﾘ),000414-01,44D
370342,延長軸・ミニシリンダー用　　　　　　　,CP-033 (30ﾐﾘ),000414-01,33C
370373,アルミ平角棒　　　　　　　　　　　　　,10T*30*2M,000414-01,MX
370374,アルミ平角棒　　　　　　　　　　　　　,10T*50*2M,000414-01,MX
370698,吸着角度調整ＢＫＴ・スモール・上側　　,CP-019,000414-01,05C
370711,延長軸・ミニシリンダー用　　　　　　　,CP-034 (45ﾐﾘ),000414-01,40B
370712,軸受・ミニシリンダー用　　　　　　　　,CP-008 (20ﾐﾘ),000414-01,47D
370722,スライドプレート・ミニシリンダー用　　,CP-030 (15H),000414-01,28C
370735,自在チャックスライドベース（ミニ）　　,FCK-1004,000414-01,25C
370736,自在チャック締付ボルト（ミニ）　　　　,FCK-1005,000414-01,34D
370789,吸着角度調整ＢＫＴ・スモール・下左　　,CP-019L,000414-01,06D
370790,吸着角度調整ＢＫＴ・スモール・下右　　,CP-019R,000414-01,03C
370793,スライドプレート・ミニシリンダー用　　,CP-030 (10H),000414-01,13B
370877,当てゴム・ビス付・ミニシリンダーＨ用　,MCY-HSﾖｳ,000414-01,04D
371362,テーパーワッシャー・ミニ用　　　　　　,10ﾊﾟｲ (VFIL-SSﾖｳ),000414-01,17C
371677,接着剤・セメダイン・１３５ｍｌ　　　　,AX-139(ｽｰﾊﾟｰX8008･135ML),000414-01,49C
371754,ランナーチャック用変換ハーネス　　　　,SRC-2012,000414-01,E02B
371759,接着剤（シリコンパット用）　　　　　　,ﾊﾞｽﾎﾞﾝﾄﾞQ 50G ｸﾘｱｰ#04888,000414-01,1Fﾐﾅﾐ03A
371765,接着剤・セメダイン・２０ｍｌ　　　　　,AX-038 (ｽｰﾊﾟｰX･20TM),000414-01,07B
384142,ワイヤーストリッパー　　　　　　　　　,3000A,000414-01,KUNIMORI2C
387221,皮むきニッパ　　　　　　　　　　　　　,33S-125,000414-01,45E
387222,皮むきニッパ　　　　　　　　　　　　　,33S-150,000414-01,46C
60100,刃先スプリング・エアーニッパー用　　　,GT-NR10L.20(N10L.N20ｶｴﾊﾞ),000414-04,35C
60101,刃先スプリング・エアーニッパー用　　　,GT-NR30 (N30ｶｴﾊﾞ),000414-04,35C
120482,吸着金具ナット・三価白・ミニ用　　　　,VFIL-M10(10*14*3 P1.0),000414-04,35B
120483,吸着金具ナット・三価白・スモール用　　,VFIL-M12(12*17*3 P1.0),000414-04,35B
122785,六角穴付皿ネジ（サンカシロ）　　　　　,M4*8,000414-04,35C
123446,十字穴付ナベ小ネジ（三価白）　　　　　,BKJ3-6,000414-04,35B
123447,十字穴付ナベ小ネジ（三価白）　　　　　,BKJ 3-10(M3*10),000414-04,35A
123448,十字穴付ナベ小ネジ（ステンレス）　　　,NKJ 2.6-5(M2.6*5),000414-04,35B
123449,十字穴付ナベ小ネジ（三価白）　　　　　,M3*16,000414-04,35A
130251,スライドスプリング　　　　　　　　　　,NC/NW-20.35(J07930-015-0),000414-04,35C
130257,スライドスプリング　　　　　　　　　　,NC/NW-10ﾖｳ(J09420-016-1),000414-04,35C
130744,刃先スプリング・ミニエアーニッパー用　,NW-10ﾖｳ,000414-04,35B
130765,刃先固定ブッシュ（ベッセル特殊用）　　,NW20.35ﾖｳ,000414-04,35A
130766,ピストン用スプリング　　　　　　　　　,NC/NW-10ﾖｳ(J09420-014-3),000414-04,35B
130770,ピストン用スプリング　　　　　　　　　,NC/NW-20.20R(J07930-013-1,000414-04,35C
130771,ピストン用スプリング　　　　　　　　　,NW-35.35Rﾖｳ(NC-3506N-1),000414-04,35B
131255,スライドスプリング（プル用）　　　　　,NW-20R.35R(J0793R-004-0),000414-04,35C
131536,刃先スプリング・ミニエアーニッパー用　,NW2-20.35ﾖｳ,000414-04,35B
271714,ソケットプラグ（三価白）　　　　　　　,1月8日,000414-04,35C
